{"type":"FeatureCollection","features":[{"type":"Feature","properties":{"GEO_ID":"0500000US06005","STATE":"06","COUNTY":"005","NAME":"Amador","LSAD":"County","CENSUSAREA":594.583},"geometry":{"type":"Polygon","coordinates":[[[-120.995497,38.225405],[-121.027084,38.300252],[-121.027507,38.508292],[-120.813554,38.562193],[-120.627604,38.503143],[-120.510596,38.511467],[-120.301721,38.549109],[-120.098322,38.709029],[-120.072392,38.702767],[-120.072484,38.509869],[-120.380707,38.461042],[-120.423215,38.473322],[-120.893792,38.221277],[-120.995497,38.225405]]]},"id":"06005"},{"type":"Feature","properties":{"GEO_ID":"0500000US06021","STATE":"06","COUNTY":"021","NAME":"Glenn","LSAD":"County","CENSUSAREA":1313.947},"geometry":{"type":"Polygon","coordinates":[[[-122.937654,39.798156],[-122.046471,39.797648],[-121.950951,39.715004],[-121.994021,39.533926],[-121.856532,39.536904],[-121.890013,39.383864],[-122.136161,39.414499],[-122.136006,39.385494],[-122.739062,39.383266],[-122.735639,39.580668],[-122.885352,39.580108],[-122.892676,39.708898],[-122.937654,39.798156]]]},"id":"06021"},{"type":"Feature","properties":{"GEO_ID":"0500000US06033","STATE":"06","COUNTY":"033","NAME":"Lake","LSAD":"County","CENSUSAREA":1256.464},"geometry":{"type":"Polygon","coordinates":[[[-122.627396,38.667506],[-122.821592,38.85014],[-122.948865,38.90022],[-122.98664,38.997283],[-123.028035,38.996593],[-123.093013,39.071994],[-123.077812,39.173791],[-122.994839,39.235924],[-123.075114,39.407683],[-123.063181,39.503539],[-122.89031,39.529014],[-122.885352,39.580108],[-122.735639,39.580668],[-122.739062,39.383266],[-122.78509,39.382975],[-122.775043,39.311778],[-122.680927,39.238726],[-122.476083,39.172609],[-122.492215,39.054092],[-122.340172,38.924246],[-122.395056,38.864245],[-122.46389,38.705203],[-122.627396,38.667506]]]},"id":"06033"},{"type":"Feature","properties":{"GEO_ID":"0500000US06043","STATE":"06","COUNTY":"043","NAME":"Mariposa","LSAD":"County","CENSUSAREA":1448.816},"geometry":{"type":"Polygon","coordinates":[[[-120.38767,37.633364],[-120.387329,37.633499],[-120.387613,37.633704],[-120.391931,37.683559],[-120.325943,37.648966],[-120.345437,37.724787],[-120.127226,37.781566],[-120.079508,37.828808],[-119.907013,37.757926],[-119.809409,37.755025],[-119.667203,37.801224],[-119.646203,37.846823],[-119.535699,37.904122],[-119.308995,37.777986],[-119.583585,37.560335],[-119.58422,37.494696],[-119.651172,37.461351],[-119.651191,37.417832],[-119.761809,37.417114],[-120.052055,37.183108],[-120.143826,37.239192],[-120.26601,37.400607],[-120.38767,37.633364]]]},"id":"06043"},{"type":"Feature","properties":{"GEO_ID":"0500000US06055","STATE":"06","COUNTY":"055","NAME":"Napa","LSAD":"County","CENSUSAREA":748.362},"geometry":{"type":"Polygon","coordinates":[[[-122.103281,38.513348],[-122.088835,38.384151],[-122.064779,38.315912],[-122.205982,38.315713],[-122.19538,38.155017],[-122.406786,38.155632],[-122.378987,38.250714],[-122.543893,38.519966],[-122.646268,38.59912],[-122.627396,38.667506],[-122.46389,38.705203],[-122.395056,38.864245],[-122.287999,38.839932],[-122.164944,38.642462],[-122.168349,38.619297],[-122.151772,38.625297],[-122.128123,38.583697],[-122.111563,38.524051],[-122.103281,38.513348]]]},"id":"06055"},{"type":"Feature","properties":{"GEO_ID":"0500000US06089","STATE":"06","COUNTY":"089","NAME":"Shasta","LSAD":"County","CENSUSAREA":3775.402},"geometry":{"type":"Polygon","coordinates":[[[-123.065426,40.286971],[-123.068789,40.332233],[-122.998682,40.418142],[-122.903738,40.445071],[-122.845954,40.505181],[-122.695298,40.572514],[-122.752266,40.689642],[-122.445453,41.15793],[-122.498376,41.182675],[-122.376123,41.182904],[-121.446495,41.183484],[-121.331786,41.183886],[-121.319972,40.905886],[-121.327826,40.445367],[-121.497635,40.445591],[-121.64633,40.434726],[-121.806539,40.44495],[-121.940989,40.415331],[-122.010316,40.426558],[-122.310412,40.371064],[-122.445021,40.373398],[-122.523997,40.3945],[-122.651341,40.328288],[-122.872769,40.348848],[-122.918472,40.306758],[-123.065426,40.286971]]]},"id":"06089"},{"type":"Feature","properties":{"GEO_ID":"0500000US06099","STATE":"06","COUNTY":"099","NAME":"Stanislaus","LSAD":"County","CENSUSAREA":1494.827},"geometry":{"type":"Polygon","coordinates":[[[-120.931374,37.421753],[-120.964223,37.345782],[-121.226804,37.134774],[-121.282271,37.183675],[-121.404636,37.155989],[-121.459051,37.282739],[-121.405753,37.31099],[-121.472648,37.48217],[-121.471925,37.481783],[-121.333388,37.59105],[-121.273751,37.63833],[-121.258171,37.653495],[-121.155849,37.719844],[-120.995754,37.760152],[-120.920665,37.738392],[-120.926449,38.077421],[-120.652673,37.831422],[-120.387613,37.633704],[-120.387329,37.633499],[-120.38767,37.633364],[-120.931374,37.421753]]]},"id":"06099"},{"type":"Feature","properties":{"GEO_ID":"0500000US06115","STATE":"06","COUNTY":"115","NAME":"Yuba","LSAD":"County","CENSUSAREA":631.839},"geometry":{"type":"Polygon","coordinates":[[[-121.333427,39.468729],[-121.305122,39.519585],[-121.149907,39.526446],[-121.076695,39.597264],[-121.05267,39.612334],[-121.050922,39.613801],[-121.009477,39.639459],[-121.034406,39.514509],[-121.022085,39.391558],[-121.127481,39.380237],[-121.266911,39.271609],[-121.279533,39.034618],[-121.414885,38.996429],[-121.571297,38.938918],[-121.62376,39.295621],[-121.407527,39.339754],[-121.333427,39.468729]]]},"id":"06115"},{"type":"Feature","properties":{"GEO_ID":"0500000US19009","STATE":"19","COUNTY":"009","NAME":"Audubon","LSAD":"County","CENSUSAREA":442.961},"geometry":{"type":"Polygon","coordinates":[[[-94.700629,41.504148],[-95.04077,41.50469],[-95.040748,41.602152],[-95.09252,41.602055],[-95.092861,41.863374],[-94.744876,41.862394],[-94.744204,41.602185],[-94.700629,41.504148]]]},"id":"19009"},{"type":"Feature","properties":{"GEO_ID":"0500000US19017","STATE":"19","COUNTY":"017","NAME":"Bremer","LSAD":"County","CENSUSAREA":435.477},"geometry":{"type":"Polygon","coordinates":[[[-92.554211,42.907112],[-92.081568,42.907013],[-92.081661,42.642056],[-92.554492,42.642314],[-92.554211,42.907112]]]},"id":"19017"},{"type":"Feature","properties":{"GEO_ID":"0500000US19021","STATE":"19","COUNTY":"021","NAME":"Buena Vista","LSAD":"County","CENSUSAREA":574.915},"geometry":{"type":"Polygon","coordinates":[[[-94.91389,42.9097],[-94.914485,42.560309],[-95.38801,42.561742],[-95.388182,42.909897],[-94.91389,42.9097]]]},"id":"19021"},{"type":"Feature","properties":{"GEO_ID":"0500000US19031","STATE":"19","COUNTY":"031","NAME":"Cedar","LSAD":"County","CENSUSAREA":579.436},"geometry":{"type":"Polygon","coordinates":[[[-91.366079,41.860068],[-91.365789,41.94741],[-90.898484,41.946245],[-90.898373,41.771392],[-90.899853,41.597133],[-91.366448,41.598373],[-91.366079,41.860068]]]},"id":"19031"},{"type":"Feature","properties":{"GEO_ID":"0500000US19039","STATE":"19","COUNTY":"039","NAME":"Clarke","LSAD":"County","CENSUSAREA":431.167},"geometry":{"type":"Polygon","coordinates":[[[-94.014189,41.156762],[-93.898813,41.15661],[-93.789196,41.162035],[-93.557556,41.161271],[-93.55654,40.898295],[-94.014803,40.897031],[-94.014189,41.156762]]]},"id":"19039"},{"type":"Feature","properties":{"GEO_ID":"0500000US19045","STATE":"19","COUNTY":"045","NAME":"Clinton","LSAD":"County","CENSUSAREA":694.915},"geometry":{"type":"Polygon","coordinates":[[[-90.152104,41.928947],[-90.181973,41.80707],[-90.187969,41.803163],[-90.20844,41.797176],[-90.222263,41.793133],[-90.242747,41.783767],[-90.278633,41.767358],[-90.302782,41.750031],[-90.309826,41.743321],[-90.31522,41.734264],[-90.317041,41.729104],[-90.473617,41.773465],[-90.898373,41.771392],[-90.898484,41.946245],[-90.898373,42.033548],[-90.154221,42.033073],[-90.150916,42.02944],[-90.141167,42.008931],[-90.140613,41.995999],[-90.1516,41.931002],[-90.152104,41.928947]]]},"id":"19045"},{"type":"Feature","properties":{"GEO_ID":"0500000US19047","STATE":"19","COUNTY":"047","NAME":"Crawford","LSAD":"County","CENSUSAREA":714.19},"geometry":{"type":"Polygon","coordinates":[[[-95.092861,41.863374],[-95.557277,41.863449],[-95.672771,41.863147],[-95.670822,42.211408],[-95.323497,42.210932],[-95.090851,42.210405],[-95.092861,41.863374]]]},"id":"19047"},{"type":"Feature","properties":{"GEO_ID":"0500000US19055","STATE":"19","COUNTY":"055","NAME":"Delaware","LSAD":"County","CENSUSAREA":577.756},"geometry":{"type":"Polygon","coordinates":[[[-91.363263,42.296445],[-91.596981,42.296408],[-91.607059,42.643973],[-91.132766,42.645844],[-91.130079,42.295761],[-91.363263,42.296445]]]},"id":"19055"},{"type":"Feature","properties":{"GEO_ID":"0500000US19063","STATE":"19","COUNTY":"063","NAME":"Emmet","LSAD":"County","CENSUSAREA":395.883},"geometry":{"type":"Polygon","coordinates":[[[-94.854555,43.500614],[-94.615916,43.500544],[-94.565665,43.50033],[-94.560838,43.500377],[-94.47042,43.50034],[-94.447048,43.500639],[-94.442848,43.500583],[-94.443137,43.255014],[-94.913723,43.255054],[-94.914843,43.499103],[-94.914634,43.50045],[-94.914523,43.50045],[-94.887291,43.500502],[-94.874235,43.500557],[-94.872725,43.500564],[-94.860192,43.500546],[-94.857867,43.500615],[-94.854555,43.500614]]]},"id":"19063"},{"type":"Feature","properties":{"GEO_ID":"0500000US19067","STATE":"19","COUNTY":"067","NAME":"Floyd","LSAD":"County","CENSUSAREA":500.632},"geometry":{"type":"Polygon","coordinates":[[[-93.025144,42.907549],[-93.024092,43.212812],[-92.554381,43.212813],[-92.554211,42.907112],[-93.025144,42.907549]]]},"id":"19067"},{"type":"Feature","properties":{"GEO_ID":"0500000US19079","STATE":"19","COUNTY":"079","NAME":"Hamilton","LSAD":"County","CENSUSAREA":576.751},"geometry":{"type":"Polygon","coordinates":[[[-93.69839,42.209339],[-93.931581,42.210095],[-93.931684,42.472011],[-93.971583,42.558139],[-93.500212,42.557836],[-93.499485,42.5577],[-93.462635,42.470802],[-93.463043,42.209302],[-93.69839,42.209339]]]},"id":"19079"},{"type":"Feature","properties":{"GEO_ID":"0500000US19087","STATE":"19","COUNTY":"087","NAME":"Henry","LSAD":"County","CENSUSAREA":434.328},"geometry":{"type":"Polygon","coordinates":[[[-91.37071,41.074112],[-91.372095,40.812631],[-91.409324,40.812682],[-91.718787,40.813544],[-91.718268,40.900805],[-91.715893,41.162822],[-91.485717,41.162405],[-91.370298,41.161247],[-91.37071,41.074112]]]},"id":"19087"},{"type":"Feature","properties":{"GEO_ID":"0500000US19095","STATE":"19","COUNTY":"095","NAME":"Iowa","LSAD":"County","CENSUSAREA":586.457},"geometry":{"type":"Polygon","coordinates":[[[-92.297494,41.50979],[-92.298164,41.862779],[-91.831379,41.861851],[-91.829231,41.511457],[-91.946043,41.510749],[-92.297494,41.50979]]]},"id":"19095"},{"type":"Feature","properties":{"GEO_ID":"0500000US19105","STATE":"19","COUNTY":"105","NAME":"Jones","LSAD":"County","CENSUSAREA":575.621},"geometry":{"type":"Polygon","coordinates":[[[-91.365789,41.94741],[-91.363263,42.296445],[-91.130079,42.295761],[-90.89802,42.295236],[-90.898373,42.033548],[-90.898484,41.946245],[-91.365789,41.94741]]]},"id":"19105"},{"type":"Feature","properties":{"GEO_ID":"0500000US19113","STATE":"19","COUNTY":"113","NAME":"Linn","LSAD":"County","CENSUSAREA":716.88},"geometry":{"type":"Polygon","coordinates":[[[-91.365789,41.94741],[-91.366079,41.860068],[-91.831379,41.861851],[-91.831089,42.299063],[-91.596981,42.296408],[-91.363263,42.296445],[-91.365789,41.94741]]]},"id":"19113"},{"type":"Feature","properties":{"GEO_ID":"0500000US19121","STATE":"19","COUNTY":"121","NAME":"Madison","LSAD":"County","CENSUSAREA":561.006},"geometry":{"type":"Polygon","coordinates":[[[-94.241637,41.157134],[-94.241593,41.503679],[-93.896807,41.503098],[-93.790612,41.511916],[-93.789196,41.162035],[-93.898813,41.15661],[-94.014189,41.156762],[-94.241637,41.157134]]]},"id":"19121"},{"type":"Feature","properties":{"GEO_ID":"0500000US19125","STATE":"19","COUNTY":"125","NAME":"Marion","LSAD":"County","CENSUSAREA":554.534},"geometry":{"type":"Polygon","coordinates":[[[-93.327886,41.160659],[-93.328407,41.490921],[-93.328486,41.49134],[-93.328614,41.507824],[-92.871421,41.508522],[-92.869771,41.161066],[-93.099217,41.160867],[-93.327886,41.160659]]]},"id":"19125"},{"type":"Feature","properties":{"GEO_ID":"0500000US19137","STATE":"19","COUNTY":"137","NAME":"Montgomery","LSAD":"County","CENSUSAREA":424.097},"geometry":{"type":"Polygon","coordinates":[[[-94.927587,41.158508],[-94.928459,40.900653],[-95.384964,40.90155],[-95.384349,41.160011],[-95.155851,41.159236],[-95.154115,41.159145],[-94.927587,41.158508]]]},"id":"19137"},{"type":"Feature","properties":{"GEO_ID":"0500000US19141","STATE":"19","COUNTY":"141","NAME":"O'Brien","LSAD":"County","CENSUSAREA":573.035},"geometry":{"type":"Polygon","coordinates":[[[-95.388078,43.255221],[-95.388182,42.909897],[-95.859377,42.909097],[-95.861914,43.257566],[-95.388078,43.255221]]]},"id":"19141"},{"type":"Feature","properties":{"GEO_ID":"0500000US19151","STATE":"19","COUNTY":"151","NAME":"Pocahontas","LSAD":"County","CENSUSAREA":577.241},"geometry":{"type":"Polygon","coordinates":[[[-94.443083,42.645164],[-94.443024,42.558843],[-94.914485,42.560309],[-94.91389,42.9097],[-94.442954,42.908073],[-94.443083,42.645164]]]},"id":"19151"},{"type":"Feature","properties":{"GEO_ID":"0500000US19161","STATE":"19","COUNTY":"161","NAME":"Sac","LSAD":"County","CENSUSAREA":575.012},"geometry":{"type":"Polygon","coordinates":[[[-94.914485,42.560309],[-94.914487,42.47419],[-94.856702,42.473967],[-94.858412,42.209692],[-95.090851,42.210405],[-95.323497,42.210932],[-95.322357,42.474737],[-95.387445,42.474796],[-95.38801,42.561742],[-94.914485,42.560309]]]},"id":"19161"},{"type":"Feature","properties":{"GEO_ID":"0500000US19169","STATE":"19","COUNTY":"169","NAME":"Story","LSAD":"County","CENSUSAREA":572.818},"geometry":{"type":"Polygon","coordinates":[[[-93.231858,41.862711],[-93.347933,41.863104],[-93.698032,41.86337],[-93.69839,42.209339],[-93.463043,42.209302],[-93.231722,42.208886],[-93.231858,41.862711]]]},"id":"19169"},{"type":"Feature","properties":{"GEO_ID":"0500000US19175","STATE":"19","COUNTY":"175","NAME":"Union","LSAD":"County","CENSUSAREA":423.645},"geometry":{"type":"Polygon","coordinates":[[[-94.241637,41.157134],[-94.014189,41.156762],[-94.014803,40.897031],[-94.470779,40.899502],[-94.470603,41.157566],[-94.241637,41.157134]]]},"id":"19175"},{"type":"Feature","properties":{"GEO_ID":"0500000US19181","STATE":"19","COUNTY":"181","NAME":"Warren","LSAD":"County","CENSUSAREA":569.827},"geometry":{"type":"Polygon","coordinates":[[[-93.327886,41.160659],[-93.557556,41.161271],[-93.789196,41.162035],[-93.790612,41.511916],[-93.41226,41.505549],[-93.328407,41.490921],[-93.327886,41.160659]]]},"id":"19181"},{"type":"Feature","properties":{"GEO_ID":"0500000US19195","STATE":"19","COUNTY":"195","NAME":"Worth","LSAD":"County","CENSUSAREA":400.123},"geometry":{"type":"Polygon","coordinates":[[[-93.049192,43.499571],[-93.024429,43.499572],[-93.024348,43.499572],[-93.024143,43.255538],[-93.497635,43.255468],[-93.49735,43.499456],[-93.488261,43.499417],[-93.482009,43.499482],[-93.472804,43.4994],[-93.468563,43.499473],[-93.428509,43.499478],[-93.399035,43.499485],[-93.2718,43.499356],[-93.228861,43.499567],[-93.049192,43.499571]]]},"id":"19195"},{"type":"Feature","properties":{"GEO_ID":"0500000US30013","STATE":"30","COUNTY":"013","NAME":"Cascade","LSAD":"County","CENSUSAREA":2698.158},"geometry":{"type":"Polygon","coordinates":[[[-111.409117,47.698277],[-110.976382,47.698605],[-111.049832,47.598325],[-110.863942,47.52506],[-110.768771,47.524837],[-110.769218,47.445996],[-110.639934,47.445332],[-110.639564,47.416259],[-110.63928,47.358998],[-110.767125,47.359128],[-110.772254,47.095871],[-110.645353,47.095735],[-110.652877,46.823626],[-110.751665,46.844681],[-110.761016,46.900286],[-110.85718,46.922879],[-110.913285,46.980853],[-111.104738,47.029105],[-111.080855,47.088138],[-111.158602,47.088184],[-111.158518,47.011501],[-111.539141,47.000386],[-111.539341,46.913427],[-111.658131,46.913364],[-111.790092,46.91393],[-111.789326,47.128993],[-112.044923,47.19271],[-112.047308,47.516028],[-111.92253,47.505078],[-111.922936,47.611231],[-111.6668,47.611241],[-111.667035,47.697885],[-111.409117,47.698277]]]},"id":"30013"},{"type":"Feature","properties":{"GEO_ID":"0500000US30037","STATE":"30","COUNTY":"037","NAME":"Golden Valley","LSAD":"County","CENSUSAREA":1175.342},"geometry":{"type":"Polygon","coordinates":[[[-108.78014,46.132402],[-108.924129,46.132211],[-109.415506,46.132261],[-109.417297,46.044485],[-109.604968,46.045377],[-109.654304,46.219402],[-109.402906,46.219706],[-109.389163,46.693661],[-109.388963,46.751009],[-109.009802,46.750432],[-108.988585,46.578572],[-108.904779,46.577394],[-108.861315,46.364825],[-108.779115,46.27672],[-108.78014,46.132402]]]},"id":"30037"},{"type":"Feature","properties":{"GEO_ID":"0500000US30043","STATE":"30","COUNTY":"043","NAME":"Jefferson","LSAD":"County","CENSUSAREA":1656.257},"geometry":{"type":"Polygon","coordinates":[[[-111.659995,45.833512],[-111.805134,45.798018],[-111.930144,45.857148],[-112.106378,45.841188],[-112.190269,45.748503],[-112.399399,45.831089],[-112.504818,46.183767],[-112.57685,46.178859],[-112.558457,46.265925],[-112.31061,46.421006],[-112.17579,46.456606],[-112.188399,46.499211],[-112.029312,46.569096],[-111.787875,46.568998],[-111.784333,46.050004],[-111.660441,46.049449],[-111.659995,45.833512]]]},"id":"30043"},{"type":"Feature","properties":{"GEO_ID":"0500000US34007","STATE":"34","COUNTY":"007","NAME":"Camden","LSAD":"County","CENSUSAREA":221.263},"geometry":{"type":"Polygon","coordinates":[[[-75.13322,39.922512],[-75.085754,39.967572],[-75.072017,39.980612],[-75.056039,39.991795],[-75.035461,39.995951],[-75.010146,39.979768],[-75.019212,39.967462],[-75.018723,39.963664],[-75.017468,39.963509],[-75.016653,39.960623],[-75.017537,39.959087],[-75.013114,39.956433],[-75.01345,39.954188],[-75.014966,39.946546],[-74.994442,39.939266],[-74.988925,39.94105],[-74.974879,39.938382],[-74.984549,39.931238],[-74.983717,39.92694],[-74.964146,39.920683],[-74.951823,39.90147],[-74.932174,39.887532],[-74.926935,39.873839],[-74.903267,39.791247],[-74.902546,39.790797],[-74.889062,39.781804],[-74.876499,39.781647],[-74.845183,39.79],[-74.812471,39.785269],[-74.791478,39.772119],[-74.772894,39.750929],[-74.758064,39.743695],[-74.736309,39.729909],[-74.801051,39.674102],[-74.877189,39.608288],[-74.930585,39.69085],[-75.08707,39.779576],[-75.153925,39.906144],[-75.13322,39.922512]]]},"id":"34007"},{"type":"Feature","properties":{"GEO_ID":"0500000US34015","STATE":"34","COUNTY":"015","NAME":"Gloucester","LSAD":"County","CENSUSAREA":322.005},"geometry":{"type":"Polygon","coordinates":[[[-75.210972,39.865706],[-75.210425,39.865913],[-75.184952,39.881615],[-75.153925,39.906144],[-75.08707,39.779576],[-74.930585,39.69085],[-74.877189,39.608288],[-74.911566,39.57862],[-74.985223,39.514802],[-75.061973,39.568643],[-75.199706,39.666912],[-75.326452,39.689992],[-75.378232,39.745763],[-75.440623,39.780926],[-75.437938,39.783413],[-75.416095,39.79583],[-75.415041,39.801786],[-75.390169,39.816549],[-75.374635,39.82577],[-75.3065,39.849812],[-75.271159,39.84944],[-75.235026,39.856613],[-75.210972,39.865706]]]},"id":"34015"},{"type":"Feature","properties":{"GEO_ID":"0500000US34031","STATE":"34","COUNTY":"031","NAME":"Passaic","LSAD":"County","CENSUSAREA":184.593},"geometry":{"type":"Polygon","coordinates":[[[-74.234473,41.142883],[-74.213373,41.133828],[-74.270521,41.022131],[-74.170988,40.976997],[-74.17021,40.983865],[-74.141048,40.966348],[-74.146429,40.948441],[-74.148158,40.942339],[-74.148059,40.94159],[-74.130031,40.819962],[-74.246691,40.880799],[-74.259813,40.883769],[-74.270702,40.89692],[-74.300327,41.002743],[-74.309838,40.998484],[-74.315226,41.001991],[-74.334605,41.003719],[-74.502892,41.085904],[-74.365897,41.202894],[-74.365664,41.2034],[-74.234473,41.142883]]]},"id":"34031"},{"type":"Feature","properties":{"GEO_ID":"0500000US35001","STATE":"35","COUNTY":"001","NAME":"Bernalillo","LSAD":"County","CENSUSAREA":1160.828},"geometry":{"type":"Polygon","coordinates":[[[-106.414475,34.892225],[-106.685889,34.90615],[-106.720666,34.870053],[-107.024784,34.870254],[-107.066694,34.957189],[-107.19617,35.219323],[-106.962038,35.218392],[-106.763162,35.218141],[-106.729852,35.218073],[-106.598652,35.217939],[-106.244827,35.215204],[-106.243683,35.041219],[-106.243866,35.040088],[-106.243866,34.953293],[-106.150155,34.953449],[-106.149575,34.870142],[-106.410977,34.870254],[-106.410974,34.889494],[-106.414475,34.892225]]]},"id":"35001"},{"type":"Feature","properties":{"GEO_ID":"0500000US35006","STATE":"35","COUNTY":"006","NAME":"Cibola","LSAD":"County","CENSUSAREA":4539.48},"geometry":{"type":"Polygon","coordinates":[[[-109.045851,34.959718],[-108.469264,34.958972],[-108.468585,35.299239],[-108.468586,35.306755],[-107.734212,35.304934],[-107.734079,35.348332],[-107.62821,35.348333],[-107.628344,35.304766],[-107.310041,35.305192],[-107.23916,35.305368],[-107.19617,35.219323],[-107.066694,34.957189],[-107.203039,34.958064],[-107.20441,34.578813],[-107.724854,34.57806],[-109.046156,34.579291],[-109.045851,34.959718]]]},"id":"35006"},{"type":"Feature","properties":{"GEO_ID":"0500000US30051","STATE":"30","COUNTY":"051","NAME":"Liberty","LSAD":"County","CENSUSAREA":1430.045},"geometry":{"type":"Polygon","coordinates":[[[-111.270702,48.997895],[-110.887459,48.998087],[-110.886706,48.998124],[-110.743209,48.998363],[-110.755649,48.219671],[-110.827034,48.219669],[-110.827168,48.133173],[-111.409097,48.132218],[-111.409005,48.21838],[-111.408922,48.219476],[-111.274733,48.219444],[-111.270702,48.997895]]]},"id":"30051"},{"type":"Feature","properties":{"GEO_ID":"0500000US30059","STATE":"30","COUNTY":"059","NAME":"Meagher","LSAD":"County","CENSUSAREA":2391.913},"geometry":{"type":"Polygon","coordinates":[[[-110.28186,46.18421],[-110.783982,46.192408],[-110.790022,46.192567],[-111.06256,46.192897],[-111.12707,46.273754],[-111.057211,46.40345],[-111.126362,46.441322],[-111.246288,46.437997],[-111.276801,46.516821],[-111.34497,46.545832],[-111.330541,46.633458],[-111.412842,46.646878],[-111.497961,46.762469],[-111.645393,46.841937],[-111.658131,46.913364],[-111.539341,46.913427],[-111.539141,47.000386],[-111.158518,47.011501],[-111.158602,47.088184],[-111.080855,47.088138],[-111.104738,47.029105],[-110.913285,46.980853],[-110.85718,46.922879],[-110.761016,46.900286],[-110.751665,46.844681],[-110.652877,46.823626],[-110.620062,46.771547],[-110.457163,46.67872],[-110.273374,46.71064],[-110.281858,46.220519],[-110.28186,46.18421]]]},"id":"30059"},{"type":"Feature","properties":{"GEO_ID":"0500000US30069","STATE":"30","COUNTY":"069","NAME":"Petroleum","LSAD":"County","CENSUSAREA":1654.871},"geometry":{"type":"Polygon","coordinates":[[[-108.63095,46.749414],[-108.608546,47.097826],[-108.736711,47.098196],[-108.719223,47.270267],[-108.590492,47.270463],[-108.590901,47.306262],[-108.314955,47.314908],[-108.312615,47.583452],[-108.065418,47.598294],[-107.931105,47.569073],[-107.908907,47.450638],[-107.962875,47.354368],[-107.968483,47.250033],[-107.919544,47.017133],[-107.882588,47.000151],[-107.939113,46.876459],[-107.892117,46.851537],[-107.827755,46.755986],[-108.63095,46.749414]]]},"id":"30069"},{"type":"Feature","properties":{"GEO_ID":"0500000US30093","STATE":"30","COUNTY":"093","NAME":"Silver Bow","LSAD":"County","CENSUSAREA":718.477},"geometry":{"type":"Polygon","coordinates":[[[-112.190269,45.748503],[-112.515453,45.746702],[-112.549534,45.684317],[-112.687054,45.624854],[-112.759339,45.748209],[-113.085474,45.860586],[-112.923572,45.935524],[-112.938373,45.993224],[-112.777105,46.048363],[-112.777685,46.135807],[-112.57685,46.178859],[-112.504818,46.183767],[-112.399399,45.831089],[-112.190269,45.748503]]]},"id":"30093"},{"type":"Feature","properties":{"GEO_ID":"0500000US30099","STATE":"30","COUNTY":"099","NAME":"Teton","LSAD":"County","CENSUSAREA":2272.375},"geometry":{"type":"Polygon","coordinates":[[[-111.408495,47.987045],[-111.409117,47.698277],[-111.667035,47.697885],[-111.6668,47.611241],[-111.922936,47.611231],[-111.92253,47.505078],[-112.047308,47.516028],[-112.278406,47.505955],[-112.55231,47.652231],[-112.818574,47.607849],[-112.91422,47.694958],[-112.913256,47.826216],[-112.984705,47.953982],[-112.878615,47.975766],[-113.016894,48.13246],[-112.177757,48.130932],[-112.177751,48.087466],[-112.047253,48.086892],[-111.9835,48.043204],[-111.983753,47.984771],[-111.408495,47.987045]]]},"id":"30099"},{"type":"Feature","properties":{"GEO_ID":"0500000US30107","STATE":"30","COUNTY":"107","NAME":"Wheatland","LSAD":"County","CENSUSAREA":1423.195},"geometry":{"type":"Polygon","coordinates":[[[-109.654304,46.219402],[-110.281858,46.220519],[-110.273374,46.71064],[-109.969223,46.752655],[-109.746006,46.693744],[-109.389163,46.693661],[-109.402906,46.219706],[-109.654304,46.219402]]]},"id":"30107"},{"type":"Feature","properties":{"GEO_ID":"0500000US35015","STATE":"35","COUNTY":"015","NAME":"Eddy","LSAD":"County","CENSUSAREA":4175.726},"geometry":{"type":"Polygon","coordinates":[[[-104.024521,32.00001],[-104.531756,32.000117],[-104.531937,32.000311],[-104.640918,32.000396],[-104.643526,32.000443],[-104.847757,32.000482],[-104.851525,32.520505],[-104.842026,32.520705],[-104.841229,32.963303],[-103.828855,32.96546],[-103.8146,32.965203],[-103.813959,32.522464],[-103.722938,32.522587],[-103.722853,32.000221],[-103.980179,32.000125],[-104.024521,32.00001]]]},"id":"35015"},{"type":"Feature","properties":{"GEO_ID":"0500000US35027","STATE":"35","COUNTY":"027","NAME":"Lincoln","LSAD":"County","CENSUSAREA":4831.091},"geometry":{"type":"Polygon","coordinates":[[[-105.312968,34.34672],[-104.89185,34.346989],[-104.893141,34.088304],[-104.885186,33.306267],[-104.90382,33.306184],[-104.905762,33.138626],[-105.316882,33.132218],[-105.319045,33.30509],[-105.725957,33.304834],[-105.727343,33.390524],[-106.345851,33.390815],[-106.372235,33.390883],[-106.373082,33.480116],[-106.373929,33.660411],[-106.052794,33.650301],[-106.052804,33.825862],[-105.924667,33.82559],[-105.923959,34.259991],[-105.313218,34.260015],[-105.312968,34.34672]]]},"id":"35027"},{"type":"Feature","properties":{"GEO_ID":"0500000US35028","STATE":"35","COUNTY":"028","NAME":"Los Alamos","LSAD":"County","CENSUSAREA":109.167},"geometry":{"type":"Polygon","coordinates":[[[-106.24825,35.755739],[-106.4007,35.807567],[-106.399644,35.960055],[-106.247949,35.966335],[-106.248096,35.959386],[-106.245466,35.959346],[-106.245439,35.93093],[-106.248257,35.839178],[-106.171656,35.828176],[-106.24825,35.755739]]]},"id":"35028"},{"type":"Feature","properties":{"GEO_ID":"0500000US35045","STATE":"35","COUNTY":"045","NAME":"San Juan","LSAD":"County","CENSUSAREA":5513.067},"geometry":{"type":"Polygon","coordinates":[[[-107.62425,36.219799],[-107.62651,36.00032],[-109.045973,36.002338],[-109.045433,36.874589],[-109.045407,36.874998],[-109.045272,36.968871],[-109.045244,36.969489],[-109.045223,36.999084],[-108.958868,36.998913],[-108.954404,36.998906],[-108.620309,36.999287],[-108.619689,36.999249],[-108.379203,36.999459],[-108.320721,36.99951],[-108.320464,36.999499],[-108.2884,36.99952],[-108.288086,36.999555],[-107.481737,36.999973],[-107.420915,37.000005],[-107.451445,36.904036],[-107.605517,36.798039],[-107.618348,36.804739],[-107.62425,36.219799]]]},"id":"35045"},{"type":"Feature","properties":{"GEO_ID":"0500000US35053","STATE":"35","COUNTY":"053","NAME":"Socorro","LSAD":"County","CENSUSAREA":6646.679},"geometry":{"type":"Polygon","coordinates":[[[-107.20441,34.578813],[-106.882561,34.579457],[-106.77306,34.53329],[-106.41699,34.439797],[-106.415861,34.259715],[-105.923959,34.259991],[-105.924667,33.82559],[-106.052804,33.825862],[-106.052794,33.650301],[-106.373929,33.660411],[-106.373082,33.480116],[-106.474295,33.475786],[-107.712713,33.476892],[-107.716301,34.259856],[-107.725461,34.259775],[-107.724854,34.57806],[-107.20441,34.578813]]]},"id":"35053"},{"type":"Feature","properties":{"GEO_ID":"0500000US46003","STATE":"46","COUNTY":"003","NAME":"Aurora","LSAD":"County","CENSUSAREA":708.425},"geometry":{"type":"Polygon","coordinates":[[[-98.331508,43.937708],[-98.331484,43.850988],[-98.325242,43.851058],[-98.320595,43.498651],[-98.705782,43.499319],[-98.714946,43.499121],[-98.794588,43.499187],[-98.807771,43.935223],[-98.331508,43.937708]]]},"id":"46003"},{"type":"Feature","properties":{"GEO_ID":"0500000US46007","STATE":"46","COUNTY":"007","NAME":"Bennett","LSAD":"County","CENSUSAREA":1184.709},"geometry":{"type":"Polygon","coordinates":[[[-101.228104,42.997874],[-101.229203,42.997854],[-101.230325,42.997899],[-101.625424,42.996238],[-101.875424,42.999298],[-102.082486,42.999356],[-102.108892,43.129258],[-102.110819,43.389902],[-101.228179,43.389185],[-101.227749,43.002087],[-101.228104,42.997874]]]},"id":"46007"},{"type":"Feature","properties":{"GEO_ID":"0500000US46017","STATE":"46","COUNTY":"017","NAME":"Buffalo","LSAD":"County","CENSUSAREA":471.384},"geometry":{"type":"Polygon","coordinates":[[[-99.576571,44.192421],[-99.30018,44.19483],[-98.925953,44.196575],[-98.926997,43.935143],[-99.350695,43.933752],[-99.355864,43.934371],[-99.353717,43.995321],[-99.562536,44.101519],[-99.576571,44.192421]]]},"id":"46017"},{"type":"Feature","properties":{"GEO_ID":"0500000US46029","STATE":"46","COUNTY":"029","NAME":"Codington","LSAD":"County","CENSUSAREA":688.495},"geometry":{"type":"Polygon","coordinates":[[[-96.882345,44.97687],[-96.88457,44.804436],[-97.491346,44.804035],[-97.494254,45.151631],[-97.226281,45.151826],[-96.883948,45.150224],[-96.882345,44.97687]]]},"id":"46029"},{"type":"Feature","properties":{"GEO_ID":"0500000US46035","STATE":"46","COUNTY":"035","NAME":"Davison","LSAD":"County","CENSUSAREA":435.555},"geometry":{"type":"Polygon","coordinates":[[[-97.965012,43.49904],[-98.114758,43.498297],[-98.320595,43.498651],[-98.325242,43.851058],[-97.967279,43.850686],[-97.967444,43.849325],[-97.965012,43.49904]]]},"id":"46035"},{"type":"Feature","properties":{"GEO_ID":"0500000US46043","STATE":"46","COUNTY":"043","NAME":"Douglas","LSAD":"County","CENSUSAREA":431.802},"geometry":{"type":"Polygon","coordinates":[[[-98.705782,43.499319],[-98.320595,43.498651],[-98.114758,43.498297],[-98.113196,43.484439],[-98.109492,43.196838],[-98.680688,43.373157],[-98.705782,43.499319]]]},"id":"46043"},{"type":"Feature","properties":{"GEO_ID":"0500000US46055","STATE":"46","COUNTY":"055","NAME":"Haakon","LSAD":"County","CENSUSAREA":1810.534},"geometry":{"type":"Polygon","coordinates":[[[-101.136838,44.747126],[-101.154516,44.689947],[-101.166753,44.168085],[-101.046916,44.168484],[-101.046786,43.99497],[-101.064068,43.994929],[-102.007336,43.99453],[-102.001068,44.510926],[-102.000841,44.511259],[-102.000432,44.511663],[-101.889038,44.538458],[-101.811198,44.522373],[-101.715038,44.579483],[-101.531035,44.567875],[-101.359893,44.689019],[-101.235139,44.690574],[-101.136838,44.747126]]]},"id":"46055"},{"type":"Feature","properties":{"GEO_ID":"0500000US46061","STATE":"46","COUNTY":"061","NAME":"Hanson","LSAD":"County","CENSUSAREA":434.513},"geometry":{"type":"Polygon","coordinates":[[[-97.608517,43.849059],[-97.607012,43.499826],[-97.965012,43.49904],[-97.967444,43.849325],[-97.967279,43.850686],[-97.85111,43.849857],[-97.608517,43.849059]]]},"id":"46061"},{"type":"Feature","properties":{"GEO_ID":"0500000US46087","STATE":"46","COUNTY":"087","NAME":"McCook","LSAD":"County","CENSUSAREA":574.204},"geometry":{"type":"Polygon","coordinates":[[[-97.369463,43.848526],[-97.129089,43.847973],[-97.129478,43.499683],[-97.40145,43.499783],[-97.607012,43.499826],[-97.608517,43.849059],[-97.369463,43.848526]]]},"id":"46087"},{"type":"Feature","properties":{"GEO_ID":"0500000US46095","STATE":"46","COUNTY":"095","NAME":"Mellette","LSAD":"County","CENSUSAREA":1307.306},"geometry":{"type":"Polygon","coordinates":[[[-100.33897,43.716942],[-100.230845,43.713856],[-100.214221,43.390321],[-101.228179,43.389185],[-101.228264,43.788844],[-101.064326,43.84109],[-101.031377,43.857896],[-100.795732,43.754055],[-100.789635,43.725438],[-100.735003,43.707621],[-100.58338,43.768012],[-100.473105,43.720891],[-100.33897,43.716942]]]},"id":"46095"},{"type":"Feature","properties":{"GEO_ID":"0500000US46103","STATE":"46","COUNTY":"103","NAME":"Pennington","LSAD":"County","CENSUSAREA":2776.553},"geometry":{"type":"Polygon","coordinates":[[[-104.055104,43.853478],[-104.055077,43.936535],[-104.05495,43.93809],[-104.054562,44.141081],[-103.452453,44.140772],[-102.388045,44.140183],[-102.306223,44.434085],[-102.164179,44.427466],[-102.001068,44.510926],[-102.007336,43.99453],[-102.018887,43.708618],[-102.139158,43.700948],[-102.175231,43.687756],[-102.810419,43.688132],[-102.817114,43.689658],[-102.695526,43.79815],[-102.687192,43.855415],[-104.055104,43.853478]]]},"id":"46103"},{"type":"Feature","properties":{"GEO_ID":"0500000US46111","STATE":"46","COUNTY":"111","NAME":"Sanborn","LSAD":"County","CENSUSAREA":569.321},"geometry":{"type":"Polygon","coordinates":[[[-97.85366,44.195233],[-97.85315,44.19522],[-97.849492,44.195235],[-97.85111,43.849857],[-97.967279,43.850686],[-98.325242,43.851058],[-98.331484,43.850988],[-98.331508,43.937708],[-98.332042,44.19662],[-97.85366,44.195233]]]},"id":"46111"},{"type":"Feature","properties":{"GEO_ID":"0500000US46125","STATE":"46","COUNTY":"125","NAME":"Turner","LSAD":"County","CENSUSAREA":617.057},"geometry":{"type":"Polygon","coordinates":[[[-96.924841,43.500007],[-96.924142,43.083733],[-97.160543,43.083145],[-97.160544,43.169978],[-97.399191,43.169419],[-97.40145,43.499783],[-97.129478,43.499683],[-96.924841,43.500007]]]},"id":"46125"},{"type":"Feature","properties":{"GEO_ID":"0500000US46137","STATE":"46","COUNTY":"137","NAME":"Ziebach","LSAD":"County","CENSUSAREA":1961.272},"geometry":{"type":"Polygon","coordinates":[[[-101.99979,45.472414],[-101.47019,45.472416],[-101.486348,45.38559],[-101.500988,44.993649],[-101.136162,44.994074],[-101.136838,44.747126],[-101.235139,44.690574],[-101.359893,44.689019],[-101.531035,44.567875],[-101.715038,44.579483],[-101.811198,44.522373],[-101.889038,44.538458],[-102.000432,44.511663],[-101.999993,45.037999],[-101.99979,45.472414]]]},"id":"46137"},{"type":"Feature","properties":{"GEO_ID":"0500000US06003","STATE":"06","COUNTY":"003","NAME":"Alpine","LSAD":"County","CENSUSAREA":738.332},"geometry":{"type":"Polygon","coordinates":[[[-120.072392,38.702767],[-119.880303,38.864776],[-119.904315,38.933324],[-119.587679,38.714734],[-119.587066,38.714345],[-119.585437,38.713212],[-119.619066,38.603529],[-119.542862,38.499694],[-119.639205,38.32688],[-119.753481,38.416759],[-119.884749,38.356185],[-120.019951,38.433521],[-120.072484,38.509869],[-120.072392,38.702767]]]},"id":"06003"},{"type":"Feature","properties":{"GEO_ID":"0500000US06007","STATE":"06","COUNTY":"007","NAME":"Butte","LSAD":"County","CENSUSAREA":1636.464},"geometry":{"type":"Polygon","coordinates":[[[-121.076695,39.597264],[-121.149907,39.526446],[-121.305122,39.519585],[-121.333427,39.468729],[-121.407527,39.339754],[-121.62376,39.295621],[-121.908269,39.303878],[-121.890013,39.383864],[-121.856532,39.536904],[-121.994021,39.533926],[-121.950951,39.715004],[-122.046471,39.797648],[-122.044865,39.883771],[-121.804041,39.884344],[-121.703241,39.98423],[-121.646032,39.982527],[-121.586407,40.100522],[-121.436886,40.151905],[-121.366818,40.086054],[-121.430012,39.914833],[-121.360516,39.84074],[-121.076695,39.597264]]]},"id":"06007"},{"type":"Feature","properties":{"GEO_ID":"0500000US06045","STATE":"06","COUNTY":"045","NAME":"Mendocino","LSAD":"County","CENSUSAREA":3506.343},"geometry":{"type":"Polygon","coordinates":[[[-122.821592,38.85014],[-123.080997,38.852438],[-123.136253,38.809136],[-123.26871,38.808369],[-123.533535,38.768408],[-123.541837,38.776764],[-123.571987,38.798189],[-123.579856,38.802835],[-123.58638,38.802857],[-123.600221,38.814115],[-123.601569,38.81899],[-123.605317,38.822765],[-123.638637,38.843865],[-123.642676,38.844005],[-123.647387,38.845472],[-123.652212,38.854582],[-123.654696,38.865638],[-123.659846,38.872529],[-123.688099,38.893594],[-123.71054,38.91323],[-123.725367,38.917438],[-123.72763,38.9295],[-123.726315,38.936367],[-123.738886,38.95412],[-123.732892,38.954994],[-123.729053,38.956667],[-123.721347,38.963879],[-123.711149,38.977316],[-123.6969,39.004401],[-123.69074,39.021293],[-123.690095,39.031157],[-123.693969,39.057363],[-123.713392,39.108422],[-123.721505,39.125327],[-123.735936,39.139644],[-123.737913,39.143442],[-123.742221,39.164885],[-123.76101,39.191595],[-123.765891,39.193657],[-123.774998,39.212083],[-123.777368,39.237214],[-123.787893,39.264327],[-123.798991,39.271355],[-123.803848,39.278771],[-123.801757,39.28353],[-123.803081,39.291747],[-123.811387,39.312825],[-123.808772,39.324368],[-123.817369,39.3388],[-123.822085,39.343857],[-123.825331,39.360814],[-123.826306,39.36871],[-123.822325,39.379987],[-123.821887,39.406809],[-123.81469,39.446538],[-123.795639,39.492215],[-123.78417,39.509419],[-123.778521,39.521478],[-123.766475,39.552803],[-123.76721,39.559852],[-123.787417,39.604552],[-123.78354,39.609517],[-123.782322,39.621486],[-123.78636,39.659932],[-123.792659,39.684122],[-123.808208,39.710715],[-123.824744,39.718128],[-123.829545,39.723071],[-123.831599,39.730629],[-123.835092,39.738768],[-123.838089,39.752409],[-123.83715,39.776232],[-123.839797,39.795637],[-123.851714,39.832041],[-123.853764,39.8341],[-123.881458,39.845422],[-123.907664,39.863028],[-123.915142,39.875313],[-123.915853,39.881114],[-123.930047,39.909697],[-123.954952,39.922373],[-123.962655,39.937635],[-123.980031,39.962458],[-123.99586,39.973045],[-124.023938,40.001284],[-123.544458,40.001923],[-123.544563,39.977015],[-122.934013,39.978131],[-122.937654,39.798156],[-122.892676,39.708898],[-122.885352,39.580108],[-122.89031,39.529014],[-123.063181,39.503539],[-123.075114,39.407683],[-122.994839,39.235924],[-123.077812,39.173791],[-123.093013,39.071994],[-123.028035,38.996593],[-122.98664,38.997283],[-122.948865,38.90022],[-122.821592,38.85014]]]},"id":"06045"},{"type":"Feature","properties":{"GEO_ID":"0500000US06049","STATE":"06","COUNTY":"049","NAME":"Modoc","LSAD":"County","CENSUSAREA":3917.77},"geometry":{"type":"Polygon","coordinates":[[[-121.44754,41.997169],[-121.43961,41.99708],[-121.434977,41.997022],[-121.376101,41.997026],[-121.360253,41.99668],[-121.340517,41.99622],[-121.335734,41.996518],[-121.334385,41.996655],[-121.154347,41.996352],[-121.035195,41.993323],[-120.879481,41.993781],[-120.693941,41.993676],[-120.692219,41.993677],[-120.326005,41.993122],[-120.286424,41.993058],[-119.999168,41.99454],[-119.999866,41.183974],[-121.331786,41.183886],[-121.446495,41.183484],[-121.44754,41.997169]]]},"id":"06049"},{"type":"Feature","properties":{"GEO_ID":"0500000US06051","STATE":"06","COUNTY":"051","NAME":"Mono","LSAD":"County","CENSUSAREA":3048.982},"geometry":{"type":"Polygon","coordinates":[[[-119.156863,38.414743],[-119.125982,38.39317],[-118.746598,38.124926],[-118.428581,37.895613],[-118.039798,37.615273],[-118.039849,37.615245],[-117.832726,37.464929],[-118.775014,37.463052],[-119.022363,37.585737],[-119.124312,37.733944],[-119.268979,37.73923],[-119.20128,37.804329],[-119.200283,37.885827],[-119.308389,37.946824],[-119.30459,38.023891],[-119.345922,38.083113],[-119.632671,38.198858],[-119.639205,38.32688],[-119.542862,38.499694],[-119.619066,38.603529],[-119.585437,38.713212],[-119.494183,38.649852],[-119.494022,38.649734],[-119.450612,38.619964],[-119.450623,38.619965],[-119.328498,38.534648],[-119.156863,38.414743]]]},"id":"06051"},{"type":"Feature","properties":{"GEO_ID":"0500000US06057","STATE":"06","COUNTY":"057","NAME":"Nevada","LSAD":"County","CENSUSAREA":957.772},"geometry":{"type":"Polygon","coordinates":[[[-121.279533,39.034618],[-121.266911,39.271609],[-121.127481,39.380237],[-121.022085,39.391558],[-120.755729,39.452663],[-120.654332,39.526889],[-120.575059,39.52228],[-120.505445,39.446117],[-120.003117,39.445045],[-120.005318,39.316479],[-120.645795,39.315155],[-120.691606,39.303981],[-120.857909,39.206235],[-120.986348,39.102234],[-121.068788,39.005177],[-121.137397,39.037858],[-121.279533,39.034618]]]},"id":"06057"},{"type":"Feature","properties":{"GEO_ID":"0500000US06059","STATE":"06","COUNTY":"059","NAME":"Orange","LSAD":"County","CENSUSAREA":790.568},"geometry":{"type":"Polygon","coordinates":[[[-118.093008,33.786289],[-118.084597,33.803216],[-118.072597,33.815115],[-118.063162,33.81961],[-118.063268,33.82422],[-117.976586,33.906225],[-117.976588,33.909757],[-117.976692,33.910614],[-117.976571,33.911205],[-117.976498,33.919171],[-117.97653,33.928034],[-117.783287,33.946411],[-117.680289,33.877412],[-117.673749,33.870831],[-117.533999,33.710355],[-117.474573,33.703811],[-117.459817,33.691714],[-117.412987,33.659045],[-117.509722,33.505019],[-117.59588,33.386629],[-117.607905,33.406317],[-117.631682,33.430528],[-117.645582,33.440728],[-117.645592,33.440733],[-117.684584,33.461927],[-117.689284,33.460155],[-117.691984,33.456627],[-117.691384,33.454028],[-117.715349,33.460556],[-117.726486,33.483427],[-117.761387,33.516326],[-117.784888,33.541525],[-117.801288,33.546324],[-117.814188,33.552224],[-117.840289,33.573523],[-117.87679,33.592322],[-117.89979,33.599622],[-117.927091,33.605521],[-117.940591,33.620021],[-117.957114,33.629466],[-118.000593,33.654319],[-118.029694,33.676418],[-118.064895,33.711018],[-118.088896,33.729817],[-118.101097,33.734117],[-118.116703,33.743549],[-118.09197,33.758472],[-118.099107,33.776518],[-118.093008,33.786289]]]},"id":"06059"},{"type":"Feature","properties":{"GEO_ID":"0500000US06065","STATE":"06","COUNTY":"065","NAME":"Riverside","LSAD":"County","CENSUSAREA":7206.48},"geometry":{"type":"Polygon","coordinates":[[[-117.284475,34.019015],[-117.225372,34.004314],[-116.929357,34.004914],[-116.929558,34.034113],[-116.457775,34.032881],[-115.316212,34.03411],[-115.316065,34.077843],[-114.435429,34.079727],[-114.434949,34.037784],[-114.438266,34.022609],[-114.46361,33.993431],[-114.499883,33.961789],[-114.518434,33.917518],[-114.525539,33.838614],[-114.523365,33.80612],[-114.50434,33.756381],[-114.494197,33.707922],[-114.496489,33.696901],[-114.519113,33.688473],[-114.523959,33.685879],[-114.530348,33.679245],[-114.540617,33.591412],[-114.5403,33.580615],[-114.535965,33.569154],[-114.535664,33.568788],[-114.558898,33.531819],[-114.594534,33.495059],[-114.622918,33.456561],[-114.627125,33.433554],[-115.467506,33.426992],[-116.085165,33.425932],[-116.197591,33.428893],[-116.617687,33.427354],[-117.079721,33.43033],[-117.241271,33.431993],[-117.370925,33.490549],[-117.509722,33.505019],[-117.412987,33.659045],[-117.459817,33.691714],[-117.474573,33.703811],[-117.533999,33.710355],[-117.673749,33.870831],[-117.600066,33.975316],[-117.558312,34.033451],[-117.336161,34.019378],[-117.284475,34.019015]]]},"id":"06065"},{"type":"Feature","properties":{"GEO_ID":"0500000US06069","STATE":"06","COUNTY":"069","NAME":"San Benito","LSAD":"County","CENSUSAREA":1388.71},"geometry":{"type":"Polygon","coordinates":[[[-121.581354,36.899152],[-121.501488,36.971895],[-121.215406,36.961248],[-121.141523,36.836656],[-120.918731,36.740381],[-120.603706,36.488242],[-120.596562,36.328488],[-120.678582,36.267319],[-120.75834,36.308604],[-120.718169,36.196848],[-120.761483,36.20358],[-120.86508,36.292578],[-120.920551,36.311012],[-121.02724,36.259893],[-121.040797,36.323969],[-121.193465,36.445751],[-121.244091,36.506911],[-121.311788,36.502736],[-121.318373,36.610026],[-121.350092,36.648357],[-121.468086,36.685518],[-121.45134,36.724793],[-121.597698,36.83735],[-121.644001,36.893996],[-121.629489,36.911681],[-121.607354,36.899452],[-121.581354,36.899152]]]},"id":"06069"},{"type":"Feature","properties":{"GEO_ID":"0500000US06073","STATE":"06","COUNTY":"073","NAME":"San Diego","LSAD":"County","CENSUSAREA":4206.63},"geometry":{"type":"Polygon","coordinates":[[[-116.106159,32.618328],[-116.390091,32.59602],[-117.118865,32.534661],[-117.124862,32.534156],[-117.133363,32.575625],[-117.132963,32.597054],[-117.136664,32.618754],[-117.139464,32.627054],[-117.159865,32.660652],[-117.168866,32.671952],[-117.180366,32.681652],[-117.192967,32.687751],[-117.196767,32.688851],[-117.213068,32.687751],[-117.223868,32.683051],[-117.236239,32.671353],[-117.246069,32.669352],[-117.255169,32.700051],[-117.25757,32.72605],[-117.25537,32.745449],[-117.25257,32.752949],[-117.25497,32.786948],[-117.26107,32.803148],[-117.280971,32.822247],[-117.28217,32.839547],[-117.28117,32.843047],[-117.27387,32.851447],[-117.26497,32.848947],[-117.26067,32.852647],[-117.25617,32.859447],[-117.25167,32.874346],[-117.25447,32.900146],[-117.26047,32.931245],[-117.262547,32.939542],[-117.28077,33.012343],[-117.29337,33.034642],[-117.309771,33.07454],[-117.315278,33.093504],[-117.328359,33.121842],[-117.359484,33.164231],[-117.362572,33.168437],[-117.39148,33.202762],[-117.401926,33.213598],[-117.445583,33.268517],[-117.469794,33.296417],[-117.50565,33.334063],[-117.547693,33.365491],[-117.571722,33.378988],[-117.59588,33.386629],[-117.509722,33.505019],[-117.370925,33.490549],[-117.241271,33.431993],[-117.079721,33.43033],[-116.617687,33.427354],[-116.197591,33.428893],[-116.085165,33.425932],[-116.08109,33.074833],[-116.103137,32.904115],[-116.106159,32.618328]]]},"id":"06073"},{"type":"Feature","properties":{"GEO_ID":"0500000US06075","STATE":"06","COUNTY":"075","NAME":"San Francisco","LSAD":"County","CENSUSAREA":46.873},"geometry":{"type":"MultiPolygon","coordinates":[[[[-122.418698,37.852717],[-122.434403,37.852434],[-122.443302,37.855448],[-122.446316,37.861046],[-122.438565,37.868367],[-122.430958,37.872242],[-122.421439,37.869969],[-122.421341,37.869946],[-122.41847,37.861764],[-122.41847,37.852721],[-122.418698,37.852717]]],[[[-123.013916,37.700355],[-123.013897,37.704478],[-123.012194,37.706749],[-123.004489,37.706262],[-123.00019,37.702937],[-122.997189,37.697909],[-123.000677,37.690203],[-123.005543,37.689392],[-123.011464,37.691907],[-123.014303,37.696205],[-123.013916,37.700355]]],[[[-122.3785,37.826505],[-122.377879,37.830648],[-122.369941,37.832137],[-122.363244,37.823951],[-122.358779,37.814278],[-122.362661,37.807577],[-122.372422,37.811301],[-122.37267,37.81651],[-122.3785,37.826505]]],[[[-122.502427,37.708133],[-122.506483,37.723731],[-122.509397,37.748841],[-122.511983,37.77113],[-122.514483,37.780829],[-122.50531,37.788312],[-122.492883,37.787929],[-122.485783,37.790629],[-122.478083,37.810828],[-122.470336,37.808671],[-122.463793,37.804653],[-122.425942,37.810979],[-122.407452,37.811441],[-122.398139,37.80563],[-122.385323,37.790724],[-122.375854,37.734979],[-122.370094,37.732331],[-122.367697,37.734943],[-122.365478,37.734621],[-122.356784,37.729505],[-122.361749,37.71501],[-122.370411,37.717572],[-122.391374,37.708331],[-122.393782,37.708231],[-122.471319,37.708305],[-122.471837,37.708332],[-122.481083,37.708232],[-122.484883,37.708332],[-122.485382,37.708231],[-122.502427,37.708133]]]]},"id":"06075"},{"type":"Feature","properties":{"GEO_ID":"0500000US06113","STATE":"06","COUNTY":"113","NAME":"Yolo","LSAD":"County","CENSUSAREA":1014.689},"geometry":{"type":"Polygon","coordinates":[[[-121.504139,38.466563],[-121.521641,38.360104],[-121.593273,38.313089],[-121.693697,38.313732],[-121.694679,38.52705],[-121.940285,38.533384],[-122.011673,38.488991],[-122.103281,38.513348],[-122.111563,38.524051],[-122.128123,38.583697],[-122.151772,38.625297],[-122.168349,38.619297],[-122.164944,38.642462],[-122.287999,38.839932],[-122.395056,38.864245],[-122.340172,38.924246],[-122.337967,38.923945],[-121.835488,38.924481],[-121.723149,38.851306],[-121.685998,38.763371],[-121.602894,38.735838],[-121.605774,38.718319],[-121.630446,38.697571],[-121.62576,38.673133],[-121.594069,38.644106],[-121.576068,38.648604],[-121.549869,38.599405],[-121.527667,38.604604],[-121.506269,38.586305],[-121.520965,38.566205],[-121.51129,38.54629],[-121.559167,38.498007],[-121.538766,38.474707],[-121.504139,38.466563]]]},"id":"06113"},{"type":"Feature","properties":{"GEO_ID":"0500000US06081","STATE":"06","COUNTY":"081","NAME":"San Mateo","LSAD":"County","CENSUSAREA":448.408},"geometry":{"type":"Polygon","coordinates":[[[-122.292974,37.107318],[-122.306139,37.116383],[-122.313907,37.118161],[-122.322971,37.11546],[-122.330463,37.115338],[-122.337071,37.117382],[-122.338856,37.120854],[-122.337085,37.130795],[-122.337833,37.135936],[-122.344029,37.144099],[-122.359791,37.155574],[-122.36179,37.163593],[-122.367085,37.172817],[-122.37927,37.181128],[-122.390599,37.182988],[-122.397065,37.187249],[-122.405073,37.195791],[-122.407181,37.219465],[-122.408982,37.225258],[-122.415822,37.232839],[-122.419113,37.24147],[-122.418452,37.248521],[-122.411686,37.265844],[-122.401323,37.337009],[-122.40085,37.359225],[-122.409258,37.374805],[-122.423286,37.392542],[-122.443687,37.435941],[-122.445987,37.461541],[-122.452087,37.48054],[-122.467888,37.49814],[-122.472388,37.50054],[-122.476443,37.498768],[-122.482351,37.496187],[-122.485888,37.494641],[-122.486749,37.49439],[-122.487139,37.494277],[-122.493789,37.492341],[-122.494429,37.49269],[-122.499289,37.495341],[-122.516689,37.52134],[-122.519533,37.537302],[-122.516589,37.544939],[-122.514789,37.546139],[-122.513688,37.552239],[-122.518088,37.576138],[-122.517187,37.590637],[-122.501386,37.599637],[-122.496786,37.612136],[-122.494085,37.644035],[-122.496784,37.686433],[-122.502427,37.708133],[-122.485382,37.708231],[-122.484883,37.708332],[-122.481083,37.708232],[-122.471837,37.708332],[-122.471319,37.708305],[-122.393782,37.708231],[-122.391374,37.708331],[-122.39319,37.707531],[-122.387626,37.67906],[-122.374291,37.662206],[-122.3756,37.652389],[-122.37789,37.650425],[-122.387381,37.648462],[-122.386072,37.637662],[-122.365455,37.626208],[-122.35531,37.615736],[-122.358583,37.611155],[-122.370364,37.614427],[-122.373309,37.613773],[-122.378545,37.605592],[-122.360219,37.592501],[-122.317676,37.590865],[-122.315385,37.587265],[-122.315713,37.583666],[-122.305895,37.575484],[-122.262698,37.572866],[-122.251898,37.566321],[-122.244372,37.55814],[-122.242832,37.557136],[-122.236323,37.552891],[-122.225135,37.545594],[-122.214264,37.538505],[-122.196593,37.537196],[-122.194957,37.522469],[-122.168449,37.504143],[-122.155686,37.501198],[-122.149632,37.502671],[-122.140142,37.507907],[-122.130979,37.503652],[-122.127706,37.500053],[-122.116112,37.505386],[-122.109574,37.497637],[-122.081473,37.477838],[-122.190402,37.431472],[-122.152278,37.286055],[-122.152774,37.215444],[-122.317682,37.186945],[-122.292974,37.107318]]]},"id":"06081"},{"type":"Feature","properties":{"GEO_ID":"0500000US06083","STATE":"06","COUNTY":"083","NAME":"Santa Barbara","LSAD":"County","CENSUSAREA":2735.085},"geometry":{"type":"MultiPolygon","coordinates":[[[[-120.248484,33.999329],[-120.247393,34.001911],[-120.238657,34.007592],[-120.230001,34.010136],[-120.221287,34.010367],[-120.208478,34.005655],[-120.19578,34.004284],[-120.167306,34.008219],[-120.151663,34.018126],[-120.147647,34.024831],[-120.140362,34.025974],[-120.135853,34.026087],[-120.115058,34.019866],[-120.090182,34.019806],[-120.073609,34.024477],[-120.062778,34.031161],[-120.061953,34.033976],[-120.057637,34.03734],[-120.055107,34.037729],[-120.043259,34.035806],[-120.044004,34.02482],[-120.047798,34.021227],[-120.050382,34.013331],[-120.048926,34.009898],[-120.046575,34.000002],[-120.041311,33.994507],[-120.025653,33.985553],[-120.011123,33.979894],[-120.003815,33.979547],[-119.984316,33.983948],[-119.978876,33.983081],[-119.979913,33.969623],[-119.976857,33.956693],[-119.971141,33.950401],[-119.97026,33.944359],[-119.973691,33.942481],[-120.00096,33.941554],[-120.017715,33.936366],[-120.046881,33.919597],[-120.048315,33.917625],[-120.048611,33.915775],[-120.049682,33.914563],[-120.077793,33.908886],[-120.098601,33.907853],[-120.105489,33.90428],[-120.109137,33.899129],[-120.121817,33.895712],[-120.168974,33.91909],[-120.179049,33.927994],[-120.18984,33.947703],[-120.192339,33.950266],[-120.198602,33.952211],[-120.200085,33.956904],[-120.209372,33.972376],[-120.224461,33.989059],[-120.248484,33.999329]]],[[[-119.789798,34.05726],[-119.770729,34.055051],[-119.766081,34.05537],[-119.763688,34.057155],[-119.755521,34.056716],[-119.739472,34.049299],[-119.726437,34.047908],[-119.712576,34.043265],[-119.704628,34.037681],[-119.686507,34.019805],[-119.637742,34.013178],[-119.619343,34.016468],[-119.612226,34.021256],[-119.604287,34.031561],[-119.608798,34.035245],[-119.609239,34.03735],[-119.59324,34.049625],[-119.57341,34.05011],[-119.5667,34.053452],[-119.529603,34.041155],[-119.52064,34.034262],[-119.52177,34.032247],[-119.532413,34.024949],[-119.538847,34.023988],[-119.542449,34.021082],[-119.54828,34.009819],[-119.547072,34.005469],[-119.554472,33.99782],[-119.560464,33.99553],[-119.575636,33.996009],[-119.5902,33.989712],[-119.596877,33.988611],[-119.619082,33.987228],[-119.621117,33.98899],[-119.64771,33.987786],[-119.662825,33.985889],[-119.69011,33.972225],[-119.706952,33.969178],[-119.712363,33.965422],[-119.714696,33.961439],[-119.721206,33.959583],[-119.742966,33.963877],[-119.750438,33.963759],[-119.758141,33.959212],[-119.795938,33.962929],[-119.842748,33.97034],[-119.873358,33.980375],[-119.877057,33.985757],[-119.883033,34.000802],[-119.884896,34.008814],[-119.882531,34.011674],[-119.876916,34.023527],[-119.876329,34.032087],[-119.892821,34.045529],[-119.916216,34.058351],[-119.923337,34.069361],[-119.919155,34.07728],[-119.912857,34.077508],[-119.89113,34.072856],[-119.857304,34.071298],[-119.825865,34.059794],[-119.818742,34.052997],[-119.807825,34.052127],[-119.789798,34.05726]]],[[[-120.46258,34.042627],[-120.440248,34.036918],[-120.418768,34.052093],[-120.415287,34.05496],[-120.411314,34.052869],[-120.403613,34.050442],[-120.396188,34.050187],[-120.390906,34.051994],[-120.374211,34.062658],[-120.368813,34.06778],[-120.368584,34.071214],[-120.370176,34.074907],[-120.368278,34.076465],[-120.362251,34.073056],[-120.354982,34.059256],[-120.36029,34.05582],[-120.358608,34.050235],[-120.346946,34.046576],[-120.331161,34.049097],[-120.319032,34.041979],[-120.313175,34.036576],[-120.302122,34.023574],[-120.304543,34.021171],[-120.317052,34.018837],[-120.347706,34.020114],[-120.35532,34.017914],[-120.35793,34.015029],[-120.375143,34.018775],[-120.409368,34.032198],[-120.415225,34.032245],[-120.419021,34.028949],[-120.427408,34.025425],[-120.454134,34.028081],[-120.459635,34.031537],[-120.465329,34.038448],[-120.46258,34.042627]]],[[[-120.355343,34.941265],[-120.311498,34.903764],[-120.334548,35.006315],[-120.188383,35.030378],[-120.093376,35.114102],[-119.980122,35.057573],[-119.928419,35.059794],[-119.745566,34.973676],[-119.672963,34.973375],[-119.535757,34.897576],[-119.472754,34.901174],[-119.442352,34.901274],[-119.442278,34.465509],[-119.440414,34.441842],[-119.444717,34.42951],[-119.453423,34.42861],[-119.454277,34.418166],[-119.445411,34.408881],[-119.454101,34.395568],[-119.472481,34.38383],[-119.473793,34.379115],[-119.478265,34.377197],[-119.510655,34.386295],[-119.536957,34.395495],[-119.559459,34.413395],[-119.616862,34.420995],[-119.638864,34.415696],[-119.648664,34.417396],[-119.671866,34.416096],[-119.688167,34.412497],[-119.684666,34.408297],[-119.691749,34.403154],[-119.709067,34.395397],[-119.729369,34.395897],[-119.74547,34.402898],[-119.785871,34.415997],[-119.794771,34.417597],[-119.835771,34.415796],[-119.853771,34.407996],[-119.873971,34.408795],[-119.925227,34.433931],[-119.956433,34.435288],[-119.971951,34.444641],[-120.008077,34.460447],[-120.038828,34.463434],[-120.050682,34.461651],[-120.088591,34.460208],[-120.097212,34.461809],[-120.118411,34.469927],[-120.141165,34.473405],[-120.183505,34.470372],[-120.225498,34.470587],[-120.238002,34.468098],[-120.25777,34.467451],[-120.283001,34.468354],[-120.295051,34.470623],[-120.299169,34.469731],[-120.301822,34.467077],[-120.341369,34.458789],[-120.441975,34.451512],[-120.451425,34.447094],[-120.471376,34.447846],[-120.47661,34.475131],[-120.480372,34.481059],[-120.490523,34.490075],[-120.511421,34.522953],[-120.524776,34.531291],[-120.581293,34.556959],[-120.608355,34.556656],[-120.612005,34.553564],[-120.622575,34.554017],[-120.637805,34.56622],[-120.645739,34.581035],[-120.640244,34.604406],[-120.625127,34.634489],[-120.60197,34.692095],[-120.60045,34.70464],[-120.601672,34.709721],[-120.614852,34.730709],[-120.62632,34.738072],[-120.637415,34.755895],[-120.62297,34.7933],[-120.616296,34.816308],[-120.609898,34.842751],[-120.610266,34.85818],[-120.616325,34.866739],[-120.639283,34.880413],[-120.642212,34.894145],[-120.647328,34.901133],[-120.662889,34.901183],[-120.670835,34.904115],[-120.648905,34.974393],[-120.513924,34.989276],[-120.355343,34.941265]]]]},"id":"06083"},{"type":"Feature","properties":{"GEO_ID":"0500000US06087","STATE":"06","COUNTY":"087","NAME":"Santa Cruz","LSAD":"County","CENSUSAREA":445.17},"geometry":{"type":"Polygon","coordinates":[[[-122.015966,37.165658],[-121.7576,37.04963],[-121.654038,36.950584],[-121.581354,36.899152],[-121.607354,36.899452],[-121.629489,36.911681],[-121.644001,36.893996],[-121.745288,36.909341],[-121.810552,36.850648],[-121.827664,36.879353],[-121.862266,36.931552],[-121.880167,36.950151],[-121.894667,36.961851],[-121.906468,36.96895],[-121.930069,36.97815],[-121.93947,36.97805],[-121.95167,36.97145],[-121.972771,36.954151],[-121.975871,36.954051],[-121.983896,36.958727],[-122.012373,36.96455],[-122.023373,36.96215],[-122.027174,36.95115],[-122.050122,36.948523],[-122.066421,36.948271],[-122.079356,36.950783],[-122.105976,36.955951],[-122.140578,36.97495],[-122.155078,36.98085],[-122.186879,37.00345],[-122.20618,37.013949],[-122.252181,37.059448],[-122.260481,37.072548],[-122.284882,37.101747],[-122.292974,37.107318],[-122.317682,37.186945],[-122.152774,37.215444],[-122.152278,37.286055],[-122.015966,37.165658]]]},"id":"06087"},{"type":"Feature","properties":{"GEO_ID":"0500000US06095","STATE":"06","COUNTY":"095","NAME":"Solano","LSAD":"County","CENSUSAREA":821.765},"geometry":{"type":"Polygon","coordinates":[[[-122.088835,38.384151],[-122.103281,38.513348],[-122.011673,38.488991],[-121.940285,38.533384],[-121.694679,38.52705],[-121.693697,38.313732],[-121.593273,38.313089],[-121.605258,38.295352],[-121.60073,38.278375],[-121.60401,38.270103],[-121.600249,38.257817],[-121.601993,38.252426],[-121.602121,38.241674],[-121.603208,38.237283],[-121.602763,38.230219],[-121.688233,38.145421],[-121.713926,38.084542],[-121.862462,38.06603],[-121.865189,38.059909],[-121.869469,38.054519],[-122.050386,38.060198],[-122.123973,38.035717],[-122.266669,38.06007],[-122.273006,38.07438],[-122.282824,38.082889],[-122.301804,38.105142],[-122.314567,38.115287],[-122.366273,38.141467],[-122.39638,38.149976],[-122.403514,38.150624],[-122.406978,38.155663],[-122.406786,38.155632],[-122.19538,38.155017],[-122.205982,38.315713],[-122.064779,38.315912],[-122.088835,38.384151]]]},"id":"06095"},{"type":"Feature","properties":{"GEO_ID":"0500000US06101","STATE":"06","COUNTY":"101","NAME":"Sutter","LSAD":"County","CENSUSAREA":602.41},"geometry":{"type":"Polygon","coordinates":[[[-121.484396,38.734598],[-121.521767,38.736401],[-121.602894,38.735838],[-121.685998,38.763371],[-121.723149,38.851306],[-121.835488,38.924481],[-121.847964,39.070817],[-121.945509,39.180959],[-121.908269,39.303878],[-121.62376,39.295621],[-121.571297,38.938918],[-121.414885,38.996429],[-121.469356,38.925992],[-121.484396,38.734598]]]},"id":"06101"},{"type":"Feature","properties":{"GEO_ID":"0500000US06103","STATE":"06","COUNTY":"103","NAME":"Tehama","LSAD":"County","CENSUSAREA":2949.709},"geometry":{"type":"Polygon","coordinates":[[[-122.934013,39.978131],[-122.989623,40.145496],[-122.989015,40.250145],[-123.065426,40.286971],[-122.918472,40.306758],[-122.872769,40.348848],[-122.651341,40.328288],[-122.523997,40.3945],[-122.445021,40.373398],[-122.310412,40.371064],[-122.010316,40.426558],[-121.940989,40.415331],[-121.806539,40.44495],[-121.64633,40.434726],[-121.497635,40.445591],[-121.470395,40.350213],[-121.345571,40.312667],[-121.368395,40.21223],[-121.436886,40.151905],[-121.586407,40.100522],[-121.646032,39.982527],[-121.703241,39.98423],[-121.804041,39.884344],[-122.044865,39.883771],[-122.046471,39.797648],[-122.937654,39.798156],[-122.934013,39.978131]]]},"id":"06103"},{"type":"Feature","properties":{"GEO_ID":"0500000US06109","STATE":"06","COUNTY":"109","NAME":"Tuolumne","LSAD":"County","CENSUSAREA":2220.884},"geometry":{"type":"Polygon","coordinates":[[[-120.652673,37.831422],[-120.514952,37.95339],[-120.534814,37.991174],[-120.504516,37.991144],[-120.176177,38.374014],[-120.019951,38.433521],[-119.884749,38.356185],[-119.753481,38.416759],[-119.639205,38.32688],[-119.632671,38.198858],[-119.345922,38.083113],[-119.30459,38.023891],[-119.308389,37.946824],[-119.200283,37.885827],[-119.20128,37.804329],[-119.268979,37.73923],[-119.288381,37.74503],[-119.293382,37.767929],[-119.308995,37.777986],[-119.535699,37.904122],[-119.646203,37.846823],[-119.667203,37.801224],[-119.809409,37.755025],[-119.907013,37.757926],[-120.079508,37.828808],[-120.127226,37.781566],[-120.345437,37.724787],[-120.325943,37.648966],[-120.391931,37.683559],[-120.387613,37.633704],[-120.652673,37.831422]]]},"id":"06109"},{"type":"Feature","properties":{"GEO_ID":"0500000US06009","STATE":"06","COUNTY":"009","NAME":"Calaveras","LSAD":"County","CENSUSAREA":1020.012},"geometry":{"type":"Polygon","coordinates":[[[-120.652673,37.831422],[-120.926449,38.077421],[-120.93885,38.088321],[-120.995497,38.225405],[-120.893792,38.221277],[-120.423215,38.473322],[-120.380707,38.461042],[-120.072484,38.509869],[-120.019951,38.433521],[-120.176177,38.374014],[-120.504516,37.991144],[-120.534814,37.991174],[-120.514952,37.95339],[-120.652673,37.831422]]]},"id":"06009"},{"type":"Feature","properties":{"GEO_ID":"0500000US06013","STATE":"06","COUNTY":"013","NAME":"Contra Costa","LSAD":"County","CENSUSAREA":715.937},"geometry":{"type":"Polygon","coordinates":[[[-121.910138,37.73046],[-121.96077,37.718629],[-121.977999,37.729579],[-122.001071,37.739028],[-122.010771,37.755127],[-122.004228,37.770058],[-122.185977,37.820726],[-122.30618,37.898225],[-122.310881,37.897825],[-122.313496,37.897211],[-122.32373,37.905845],[-122.33453,37.908791],[-122.35711,37.908791],[-122.362346,37.904209],[-122.367582,37.903882],[-122.378709,37.905191],[-122.385908,37.908136],[-122.389181,37.9101],[-122.39049,37.922535],[-122.395071,37.927117],[-122.401289,37.928426],[-122.413725,37.937262],[-122.417371,37.943513],[-122.430087,37.963115],[-122.42976,37.965405],[-122.415361,37.963115],[-122.411761,37.960497],[-122.408383,37.957544],[-122.399832,37.956009],[-122.367582,37.978168],[-122.361905,37.989991],[-122.363001,37.994375],[-122.366928,37.998458],[-122.368891,38.007948],[-122.367909,38.01253],[-122.363655,38.014166],[-122.359493,38.009941],[-122.340093,38.003694],[-122.331912,38.00533],[-122.321112,38.012857],[-122.315549,38.013511],[-122.300823,38.010893],[-122.283478,38.022674],[-122.262861,38.0446],[-122.262861,38.051473],[-122.266669,38.06007],[-122.123973,38.035717],[-122.050386,38.060198],[-121.869469,38.054519],[-121.865189,38.059909],[-121.862462,38.06603],[-121.737824,38.02663],[-121.679265,38.089319],[-121.580022,38.094414],[-121.579943,37.976113],[-121.574823,37.973025],[-121.569889,37.957495],[-121.56364,37.94611],[-121.561937,37.937612],[-121.55987,37.920862],[-121.569113,37.901521],[-121.574849,37.885021],[-121.575463,37.863118],[-121.56937,37.858881],[-121.561813,37.857135],[-121.549517,37.856986],[-121.538026,37.849622],[-121.536595,37.844723],[-121.538931,37.839563],[-121.550971,37.831155],[-121.556936,37.817218],[-121.55916,37.818927],[-121.623724,37.799291],[-121.881567,37.737328],[-121.910138,37.73046]]]},"id":"06013"},{"type":"Feature","properties":{"GEO_ID":"0500000US06015","STATE":"06","COUNTY":"015","NAME":"Del Norte","LSAD":"County","CENSUSAREA":1006.373},"geometry":{"type":"Polygon","coordinates":[[[-124.065521,41.464739],[-124.066057,41.470258],[-124.075917,41.501757],[-124.081427,41.511228],[-124.081987,41.547761],[-124.092404,41.553615],[-124.101123,41.569192],[-124.101403,41.578524],[-124.097385,41.585251],[-124.100961,41.602499],[-124.114413,41.616768],[-124.116037,41.628849],[-124.120225,41.640354],[-124.135552,41.657307],[-124.139354,41.671652],[-124.138373,41.678881],[-124.143479,41.709284],[-124.147412,41.717955],[-124.154246,41.728801],[-124.164716,41.740126],[-124.17739,41.745756],[-124.185363,41.739351],[-124.19104,41.736079],[-124.194953,41.736778],[-124.203843,41.747035],[-124.23972,41.7708],[-124.242288,41.772034],[-124.248704,41.771459],[-124.255994,41.783014],[-124.245027,41.7923],[-124.230678,41.818681],[-124.219592,41.846432],[-124.208439,41.888192],[-124.203402,41.940964],[-124.204948,41.983441],[-124.211605,41.99846],[-124.100921,41.996956],[-124.100216,41.996842],[-124.087827,41.996891],[-124.086661,41.996869],[-123.821472,41.995473],[-123.624554,41.999837],[-123.518075,42.000436],[-123.565442,41.903141],[-123.642812,41.889353],[-123.703768,41.829117],[-123.660205,41.714055],[-123.719089,41.595258],[-123.612395,41.448954],[-123.661363,41.38209],[-123.770239,41.380776],[-123.770551,41.464193],[-124.065521,41.464739]]]},"id":"06015"},{"type":"Feature","properties":{"GEO_ID":"0500000US06025","STATE":"06","COUNTY":"025","NAME":"Imperial","LSAD":"County","CENSUSAREA":4176.603},"geometry":{"type":"Polygon","coordinates":[[[-116.103137,32.904115],[-116.08109,33.074833],[-116.085165,33.425932],[-115.467506,33.426992],[-114.627125,33.433554],[-114.665278,33.415358],[-114.721233,33.396912],[-114.700103,33.341045],[-114.672088,33.258499],[-114.67536,33.185489],[-114.679359,33.159519],[-114.687074,33.142196],[-114.696829,33.131209],[-114.706175,33.105335],[-114.707819,33.091102],[-114.675104,33.047532],[-114.62387,33.02872],[-114.606282,33.025703],[-114.589778,33.026228],[-114.584765,33.028231],[-114.578287,33.035375],[-114.571653,33.036624],[-114.523578,33.030961],[-114.516912,33.026871],[-114.511343,33.023455],[-114.468605,32.971649],[-114.46289,32.905797],[-114.465715,32.87942],[-114.465715,32.879191],[-114.496284,32.822326],[-114.496827,32.822119],[-114.615733,32.729427],[-114.615585,32.728446],[-114.65826,32.733799],[-114.65884,32.73383],[-114.677091,32.736218],[-114.678632,32.736614],[-114.719633,32.718763],[-115.465164,32.6671],[-115.875842,32.636424],[-116.106159,32.618328],[-116.103137,32.904115]]]},"id":"06025"},{"type":"Feature","properties":{"GEO_ID":"0500000US06029","STATE":"06","COUNTY":"029","NAME":"Kern","LSAD":"County","CENSUSAREA":8131.916},"geometry":{"type":"Polygon","coordinates":[[[-117.667292,34.822526],[-118.140074,34.82078],[-118.854253,34.817772],[-118.881364,34.790629],[-118.976721,34.812199],[-119.243645,34.814178],[-119.276946,34.879675],[-119.442352,34.901274],[-119.472754,34.901174],[-119.472719,35.076885],[-119.560975,35.087673],[-119.553641,35.179975],[-119.667056,35.174809],[-119.666663,35.262527],[-119.809449,35.263584],[-119.809346,35.350865],[-119.880172,35.351211],[-119.880045,35.439133],[-119.997392,35.439495],[-119.997382,35.468702],[-120.086674,35.526554],[-120.085922,35.614524],[-120.193918,35.614359],[-120.193892,35.726513],[-120.193934,35.749393],[-120.194053,35.749964],[-120.194146,35.789204],[-119.538116,35.789567],[-119.534559,35.789758],[-119.214033,35.790489],[-118.270456,35.790009],[-118.008043,35.789161],[-117.632996,35.797251],[-117.651986,35.709934],[-117.616195,35.680856],[-117.630126,35.564071],[-117.632011,34.82227],[-117.667292,34.822526]]]},"id":"06029"},{"type":"Feature","properties":{"GEO_ID":"0500000US06031","STATE":"06","COUNTY":"031","NAME":"Kings","LSAD":"County","CENSUSAREA":1389.42},"geometry":{"type":"Polygon","coordinates":[[[-119.905119,36.401741],[-119.66629,36.41896],[-119.573194,36.488835],[-119.528792,36.401465],[-119.474892,36.400953],[-119.474607,36.269025],[-119.529358,36.26985],[-119.538116,35.789567],[-120.194146,35.789204],[-120.213979,35.789276],[-120.243275,35.877669],[-120.315068,35.907186],[-119.95921,36.181403],[-119.959227,36.400975],[-119.905119,36.401741]]]},"id":"06031"},{"type":"Feature","properties":{"GEO_ID":"0500000US06039","STATE":"06","COUNTY":"039","NAME":"Madera","LSAD":"County","CENSUSAREA":2137.069},"geometry":{"type":"Polygon","coordinates":[[[-119.733852,36.948558],[-119.823421,36.848333],[-119.932551,36.84299],[-120.013334,36.828228],[-120.027775,36.814505],[-120.079458,36.825345],[-120.132898,36.809841],[-120.229179,36.769687],[-120.422187,36.840139],[-120.541696,37.044505],[-120.400758,37.117764],[-120.052055,37.183108],[-119.761809,37.417114],[-119.651191,37.417832],[-119.651172,37.461351],[-119.58422,37.494696],[-119.583585,37.560335],[-119.308995,37.777986],[-119.293382,37.767929],[-119.288381,37.74503],[-119.268979,37.73923],[-119.124312,37.733944],[-119.022363,37.585737],[-119.286658,37.374943],[-119.335189,37.310774],[-119.330573,37.205791],[-119.361916,37.167849],[-119.43306,37.161516],[-119.470844,37.110548],[-119.559412,37.143619],[-119.537677,37.104019],[-119.733852,36.948558]]]},"id":"06039"},{"type":"Feature","properties":{"GEO_ID":"0500000US19001","STATE":"19","COUNTY":"001","NAME":"Adair","LSAD":"County","CENSUSAREA":569.271},"geometry":{"type":"Polygon","coordinates":[[[-94.241637,41.157134],[-94.470603,41.157566],[-94.700589,41.158085],[-94.700629,41.504148],[-94.241593,41.503679],[-94.241637,41.157134]]]},"id":"19001"},{"type":"Feature","properties":{"GEO_ID":"0500000US19053","STATE":"19","COUNTY":"053","NAME":"Decatur","LSAD":"County","CENSUSAREA":531.881},"geometry":{"type":"Polygon","coordinates":[[[-93.556899,40.580235],[-93.558938,40.580189],[-93.560798,40.580304],[-93.56524,40.580143],[-93.56581,40.580075],[-93.566189,40.580117],[-93.597352,40.579496],[-93.656211,40.578352],[-93.659272,40.57833],[-93.661913,40.578354],[-93.668845,40.578241],[-93.677099,40.578127],[-93.690333,40.577875],[-93.722443,40.577641],[-93.728355,40.577547],[-93.737259,40.577542],[-93.742759,40.577518],[-93.750223,40.57772],[-93.770231,40.577615],[-93.774344,40.577584],[-93.815485,40.577278],[-93.818725,40.577086],[-93.84093,40.576791],[-93.853656,40.576606],[-93.898327,40.576011],[-93.899317,40.575942],[-93.900877,40.575874],[-93.913961,40.575672],[-93.935687,40.57533],[-93.936317,40.575284],[-93.937097,40.575421],[-93.938627,40.575284],[-93.939857,40.575192],[-93.963863,40.574754],[-93.976766,40.574635],[-94.015492,40.573914],[-94.014803,40.897031],[-93.55654,40.898295],[-93.556899,40.580235]]]},"id":"19053"},{"type":"Feature","properties":{"GEO_ID":"0500000US19061","STATE":"19","COUNTY":"061","NAME":"Dubuque","LSAD":"County","CENSUSAREA":608.305},"geometry":{"type":"Polygon","coordinates":[[[-90.896961,42.674407],[-90.84391,42.663071],[-90.769495,42.651443],[-90.720209,42.640758],[-90.709204,42.636078],[-90.702671,42.630756],[-90.645627,42.5441],[-90.636727,42.518702],[-90.636927,42.513202],[-90.640927,42.508302],[-90.655927,42.491703],[-90.656527,42.489203],[-90.656327,42.483603],[-90.654027,42.478503],[-90.646727,42.471904],[-90.624328,42.458904],[-90.559451,42.430695],[-90.477279,42.383794],[-90.474834,42.381473],[-90.665029,42.382155],[-90.665551,42.294699],[-90.89802,42.295236],[-91.130079,42.295761],[-91.132766,42.645844],[-90.897415,42.645714],[-90.896961,42.674407]]]},"id":"19061"},{"type":"Feature","properties":{"GEO_ID":"0500000US19069","STATE":"19","COUNTY":"069","NAME":"Franklin","LSAD":"County","CENSUSAREA":581.972},"geometry":{"type":"Polygon","coordinates":[[[-93.498617,42.908512],[-93.025144,42.907549],[-93.027,42.55681],[-93.499485,42.5577],[-93.498617,42.908512]]]},"id":"19069"},{"type":"Feature","properties":{"GEO_ID":"0500000US19075","STATE":"19","COUNTY":"075","NAME":"Grundy","LSAD":"County","CENSUSAREA":501.858},"geometry":{"type":"Polygon","coordinates":[[[-92.53351,42.297001],[-92.76809,42.29668],[-92.767463,42.21014],[-93.001674,42.209267],[-93.002902,42.470638],[-93.027,42.55681],[-92.5543,42.555854],[-92.53351,42.297001]]]},"id":"19075"},{"type":"Feature","properties":{"GEO_ID":"0500000US19077","STATE":"19","COUNTY":"077","NAME":"Guthrie","LSAD":"County","CENSUSAREA":590.62},"geometry":{"type":"Polygon","coordinates":[[[-94.700629,41.504148],[-94.744204,41.602185],[-94.744876,41.862394],[-94.676942,41.862994],[-94.67542,41.862895],[-94.674259,41.862657],[-94.673119,41.86265],[-94.672368,41.86289],[-94.671695,41.862828],[-94.667977,41.862682],[-94.628724,41.862763],[-94.28034,41.862999],[-94.280057,41.601312],[-94.241593,41.503679],[-94.700629,41.504148]]]},"id":"19077"},{"type":"Feature","properties":{"GEO_ID":"0500000US19089","STATE":"19","COUNTY":"089","NAME":"Howard","LSAD":"County","CENSUSAREA":473.248},"geometry":{"type":"Polygon","coordinates":[[[-92.553128,43.5003],[-92.464505,43.500345],[-92.448948,43.50042],[-92.408832,43.500614],[-92.40613,43.500476],[-92.388298,43.500483],[-92.368908,43.500454],[-92.279084,43.500436],[-92.277425,43.500466],[-92.198788,43.500527],[-92.178863,43.500713],[-92.103886,43.500735],[-92.08997,43.500684],[-92.079954,43.500647],[-92.079802,43.500647],[-92.080976,43.212947],[-92.554381,43.212813],[-92.553128,43.5003]]]},"id":"19089"},{"type":"Feature","properties":{"GEO_ID":"0500000US19093","STATE":"19","COUNTY":"093","NAME":"Ida","LSAD":"County","CENSUSAREA":431.508},"geometry":{"type":"Polygon","coordinates":[[[-95.323497,42.210932],[-95.670822,42.211408],[-95.669265,42.474645],[-95.741821,42.474865],[-95.741611,42.561285],[-95.38801,42.561742],[-95.387445,42.474796],[-95.322357,42.474737],[-95.323497,42.210932]]]},"id":"19093"},{"type":"Feature","properties":{"GEO_ID":"0500000US19101","STATE":"19","COUNTY":"101","NAME":"Jefferson","LSAD":"County","CENSUSAREA":435.51},"geometry":{"type":"Polygon","coordinates":[[[-91.945571,41.163578],[-91.83906,41.161515],[-91.715893,41.162822],[-91.718268,40.900805],[-92.179072,40.89972],[-92.179974,41.162662],[-91.945571,41.163578]]]},"id":"19101"},{"type":"Feature","properties":{"GEO_ID":"0500000US19103","STATE":"19","COUNTY":"103","NAME":"Johnson","LSAD":"County","CENSUSAREA":614.04},"geometry":{"type":"Polygon","coordinates":[[[-91.829231,41.511457],[-91.831379,41.861851],[-91.366079,41.860068],[-91.366448,41.598373],[-91.368521,41.423178],[-91.483995,41.423848],[-91.52248,41.511035],[-91.829231,41.511457]]]},"id":"19103"},{"type":"Feature","properties":{"GEO_ID":"0500000US19107","STATE":"19","COUNTY":"107","NAME":"Keokuk","LSAD":"County","CENSUSAREA":579.179},"geometry":{"type":"Polygon","coordinates":[[[-92.411995,41.509548],[-92.297494,41.50979],[-91.946043,41.510749],[-91.945571,41.163578],[-92.179974,41.162662],[-92.410233,41.161942],[-92.411995,41.509548]]]},"id":"19107"},{"type":"Feature","properties":{"GEO_ID":"0500000US19111","STATE":"19","COUNTY":"111","NAME":"Lee","LSAD":"County","CENSUSAREA":517.518},"geometry":{"type":"Polygon","coordinates":[[[-91.409324,40.812682],[-91.182551,40.7081],[-91.112258,40.696218],[-91.122421,40.670675],[-91.138055,40.660893],[-91.185415,40.638052],[-91.18698,40.637297],[-91.197906,40.636107],[-91.218437,40.638437],[-91.253074,40.637962],[-91.306524,40.626231],[-91.339719,40.613488],[-91.348733,40.609695],[-91.359873,40.601805],[-91.405241,40.554641],[-91.406851,40.547557],[-91.404125,40.539127],[-91.384531,40.530948],[-91.369059,40.512532],[-91.364211,40.500043],[-91.36391,40.490122],[-91.372554,40.4012],[-91.375746,40.391879],[-91.38836,40.384929],[-91.419422,40.378264],[-91.484507,40.3839],[-91.490977,40.393484],[-91.524612,40.410765],[-91.619486,40.507134],[-91.622362,40.514362],[-91.618028,40.53403],[-91.620071,40.540817],[-91.696359,40.588148],[-91.716769,40.59853],[-91.718787,40.813544],[-91.409324,40.812682]]]},"id":"19111"},{"type":"Feature","properties":{"GEO_ID":"0500000US19127","STATE":"19","COUNTY":"127","NAME":"Marshall","LSAD":"County","CENSUSAREA":572.501},"geometry":{"type":"Polygon","coordinates":[[[-92.765999,41.862373],[-93.231858,41.862711],[-93.231722,42.208886],[-93.001674,42.209267],[-92.767463,42.21014],[-92.765999,41.862373]]]},"id":"19127"},{"type":"Feature","properties":{"GEO_ID":"0500000US19129","STATE":"19","COUNTY":"129","NAME":"Mills","LSAD":"County","CENSUSAREA":437.437},"geometry":{"type":"Polygon","coordinates":[[[-95.823123,40.900924],[-95.829074,40.975688],[-95.835434,40.984184],[-95.867286,41.001599],[-95.867246,41.043671],[-95.866289,41.051731],[-95.853396,41.16028],[-95.384349,41.160011],[-95.384964,40.90155],[-95.813465,40.901693],[-95.823123,40.900924]]]},"id":"19129"},{"type":"Feature","properties":{"GEO_ID":"0500000US19135","STATE":"19","COUNTY":"135","NAME":"Monroe","LSAD":"County","CENSUSAREA":433.715},"geometry":{"type":"Polygon","coordinates":[[[-92.869771,41.161066],[-92.640361,41.161298],[-92.639091,40.898886],[-93.097595,40.898451],[-93.097724,40.899738],[-93.099217,41.160867],[-92.869771,41.161066]]]},"id":"19135"},{"type":"Feature","properties":{"GEO_ID":"0500000US19139","STATE":"19","COUNTY":"139","NAME":"Muscatine","LSAD":"County","CENSUSAREA":437.469},"geometry":{"type":"Polygon","coordinates":[[[-91.366448,41.598373],[-90.899853,41.597133],[-90.783812,41.596531],[-90.786282,41.452888],[-90.847458,41.455019],[-90.989976,41.431962],[-91.027787,41.423603],[-91.039872,41.418523],[-91.047819,41.4109],[-91.078682,41.336089],[-91.079657,41.333727],[-91.369332,41.336063],[-91.368521,41.423178],[-91.366448,41.598373]]]},"id":"19139"},{"type":"Feature","properties":{"GEO_ID":"0500000US19145","STATE":"19","COUNTY":"145","NAME":"Page","LSAD":"County","CENSUSAREA":534.942},"geometry":{"type":"Polygon","coordinates":[[[-94.914896,40.575068],[-94.955134,40.575669],[-94.966491,40.575839],[-95.068921,40.57688],[-95.079742,40.577007],[-95.097607,40.577168],[-95.107213,40.577116],[-95.110303,40.57716],[-95.110663,40.577206],[-95.112222,40.577228],[-95.120829,40.577413],[-95.154499,40.57786],[-95.164058,40.578017],[-95.202264,40.578528],[-95.211408,40.57865],[-95.21159,40.578654],[-95.212715,40.578679],[-95.213327,40.578689],[-95.217455,40.578759],[-95.218783,40.578781],[-95.221525,40.578827],[-95.335588,40.579871],[-95.357802,40.5801],[-95.373893,40.580501],[-95.373923,40.580501],[-95.384964,40.90155],[-94.928459,40.900653],[-94.914896,40.575068]]]},"id":"19145"},{"type":"Feature","properties":{"GEO_ID":"0500000US19153","STATE":"19","COUNTY":"153","NAME":"Polk","LSAD":"County","CENSUSAREA":573.795},"geometry":{"type":"Polygon","coordinates":[[[-93.328614,41.507824],[-93.328486,41.49134],[-93.328407,41.490921],[-93.41226,41.505549],[-93.790612,41.511916],[-93.814282,41.600448],[-93.815527,41.863419],[-93.698032,41.86337],[-93.347933,41.863104],[-93.348681,41.600999],[-93.328614,41.507824]]]},"id":"19153"},{"type":"Feature","properties":{"GEO_ID":"0500000US19155","STATE":"19","COUNTY":"155","NAME":"Pottawattamie","LSAD":"County","CENSUSAREA":950.28},"geometry":{"type":"Polygon","coordinates":[[[-95.853396,41.16028],[-95.852788,41.165398],[-95.91459,41.185098],[-95.92319,41.190998],[-95.923219,41.191046],[-95.92599,41.195698],[-95.927491,41.202198],[-95.924891,41.211198],[-95.90249,41.273398],[-95.91379,41.320197],[-95.92569,41.322197],[-95.939291,41.328897],[-95.953091,41.339896],[-95.956691,41.345496],[-95.956791,41.349196],[-95.93831,41.392162],[-95.937346,41.394403],[-95.930705,41.433894],[-95.981319,41.506837],[-95.497997,41.506074],[-95.154722,41.505211],[-95.155851,41.159236],[-95.384349,41.160011],[-95.853396,41.16028]]]},"id":"19155"},{"type":"Feature","properties":{"GEO_ID":"0500000US19159","STATE":"19","COUNTY":"159","NAME":"Ringgold","LSAD":"County","CENSUSAREA":535.498},"geometry":{"type":"Polygon","coordinates":[[[-94.015492,40.573914],[-94.034134,40.573585],[-94.080223,40.572899],[-94.080463,40.572899],[-94.089194,40.572806],[-94.091085,40.572897],[-94.23224,40.571907],[-94.28735,40.571521],[-94.294813,40.571341],[-94.310724,40.571524],[-94.324765,40.571477],[-94.336556,40.571475],[-94.336706,40.571452],[-94.358307,40.571363],[-94.429725,40.571041],[-94.460088,40.570947],[-94.470648,40.57083],[-94.471213,40.570825],[-94.470779,40.899502],[-94.014803,40.897031],[-94.015492,40.573914]]]},"id":"19159"},{"type":"Feature","properties":{"GEO_ID":"0500000US19163","STATE":"19","COUNTY":"163","NAME":"Scott","LSAD":"County","CENSUSAREA":458.089},"geometry":{"type":"Polygon","coordinates":[[[-90.898373,41.771392],[-90.473617,41.773465],[-90.317041,41.729104],[-90.334525,41.679559],[-90.343162,41.648141],[-90.34165,41.621484],[-90.39793,41.572233],[-90.461432,41.523533],[-90.474332,41.519733],[-90.499475,41.518055],[-90.605937,41.494232],[-90.655839,41.462132],[-90.737537,41.450127],[-90.771672,41.450761],[-90.786282,41.452888],[-90.783812,41.596531],[-90.899853,41.597133],[-90.898373,41.771392]]]},"id":"19163"},{"type":"Feature","properties":{"GEO_ID":"0500000US19171","STATE":"19","COUNTY":"171","NAME":"Tama","LSAD":"County","CENSUSAREA":721.011},"geometry":{"type":"Polygon","coordinates":[[[-92.298164,41.862779],[-92.765999,41.862373],[-92.767463,42.21014],[-92.76809,42.29668],[-92.53351,42.297001],[-92.298792,42.297527],[-92.298164,41.862779]]]},"id":"19171"},{"type":"Feature","properties":{"GEO_ID":"0500000US19177","STATE":"19","COUNTY":"177","NAME":"Van Buren","LSAD":"County","CENSUSAREA":484.789},"geometry":{"type":"Polygon","coordinates":[[[-91.716769,40.59853],[-91.729115,40.61364],[-91.785916,40.611488],[-91.795374,40.611101],[-91.800133,40.610953],[-91.813968,40.610526],[-91.824826,40.610191],[-91.832481,40.609797],[-91.868401,40.608059],[-91.943114,40.605913],[-91.970988,40.605112],[-91.998683,40.604433],[-92.029649,40.603713],[-92.067904,40.602648],[-92.069521,40.602772],[-92.082339,40.602176],[-92.0832,40.602244],[-92.092875,40.602082],[-92.096387,40.60183],[-92.17978,40.600529],[-92.17899,40.898343],[-92.179072,40.89972],[-91.718268,40.900805],[-91.718787,40.813544],[-91.716769,40.59853]]]},"id":"19177"},{"type":"Feature","properties":{"GEO_ID":"0500000US19183","STATE":"19","COUNTY":"183","NAME":"Washington","LSAD":"County","CENSUSAREA":568.835},"geometry":{"type":"Polygon","coordinates":[[[-91.485717,41.162405],[-91.715893,41.162822],[-91.83906,41.161515],[-91.945571,41.163578],[-91.946043,41.510749],[-91.829231,41.511457],[-91.52248,41.511035],[-91.483995,41.423848],[-91.485717,41.162405]]]},"id":"19183"},{"type":"Feature","properties":{"GEO_ID":"0500000US19189","STATE":"19","COUNTY":"189","NAME":"Winnebago","LSAD":"County","CENSUSAREA":400.489},"geometry":{"type":"Polygon","coordinates":[[[-93.970762,43.499605],[-93.97076,43.499605],[-93.795793,43.49952],[-93.794285,43.499542],[-93.716217,43.499563],[-93.708771,43.499564],[-93.704916,43.499568],[-93.699345,43.499576],[-93.648533,43.499559],[-93.617131,43.499548],[-93.576728,43.49952],[-93.558631,43.499521],[-93.532178,43.499472],[-93.528482,43.499471],[-93.497405,43.499456],[-93.49735,43.499456],[-93.497635,43.255468],[-93.970415,43.255358],[-93.970762,43.499605]]]},"id":"19189"},{"type":"Feature","properties":{"GEO_ID":"0500000US19193","STATE":"19","COUNTY":"193","NAME":"Woodbury","LSAD":"County","CENSUSAREA":872.834},"geometry":{"type":"Polygon","coordinates":[[[-96.356666,42.215077],[-96.356591,42.215182],[-96.336323,42.218922],[-96.323723,42.229887],[-96.322868,42.233637],[-96.328905,42.254734],[-96.348814,42.282024],[-96.375307,42.318339],[-96.384169,42.325874],[-96.407998,42.337408],[-96.413895,42.343393],[-96.417786,42.351449],[-96.415509,42.400294],[-96.413609,42.407894],[-96.387608,42.432494],[-96.380707,42.446394],[-96.381307,42.461694],[-96.385407,42.473094],[-96.396107,42.484095],[-96.409408,42.487595],[-96.443408,42.489495],[-96.466253,42.497702],[-96.476947,42.508677],[-96.481308,42.516556],[-96.479909,42.524195],[-96.477709,42.535595],[-96.476952,42.556079],[-96.479685,42.561238],[-95.859949,42.56062],[-95.750287,42.561106],[-95.741611,42.561285],[-95.741821,42.474865],[-95.669265,42.474645],[-95.670822,42.211408],[-96.356666,42.215077]]]},"id":"19193"},{"type":"Feature","properties":{"GEO_ID":"0500000US19059","STATE":"19","COUNTY":"059","NAME":"Dickinson","LSAD":"County","CENSUSAREA":380.606},"geometry":{"type":"Polygon","coordinates":[[[-95.387787,43.50024],[-95.375269,43.500322],[-95.374737,43.500314],[-95.250969,43.500464],[-95.250762,43.500406],[-95.214938,43.500885],[-95.180423,43.500774],[-95.167891,43.500885],[-95.167294,43.500771],[-95.122633,43.500755],[-95.114874,43.500667],[-95.054289,43.50086],[-95.053504,43.500769],[-95.034,43.500811],[-95.014245,43.500872],[-94.99446,43.500523],[-94.974359,43.500508],[-94.954477,43.500467],[-94.934625,43.50049],[-94.914955,43.50045],[-94.914905,43.50045],[-94.914634,43.50045],[-94.914843,43.499103],[-94.913723,43.255054],[-95.388078,43.255221],[-95.387787,43.50024]]]},"id":"19059"},{"type":"Feature","properties":{"GEO_ID":"0500000US19149","STATE":"19","COUNTY":"149","NAME":"Plymouth","LSAD":"County","CENSUSAREA":862.893},"geometry":{"type":"Polygon","coordinates":[[[-96.523264,42.909059],[-95.859377,42.909097],[-95.859949,42.56062],[-96.479685,42.561238],[-96.516338,42.630435],[-96.542366,42.660736],[-96.575299,42.682665],[-96.601989,42.697429],[-96.60614,42.694661],[-96.610975,42.694751],[-96.630617,42.70588],[-96.639704,42.737071],[-96.633168,42.768325],[-96.632142,42.770863],[-96.577813,42.828102],[-96.563058,42.831051],[-96.552092,42.836057],[-96.549513,42.839143],[-96.54146,42.857682],[-96.523264,42.909059]]]},"id":"19149"},{"type":"Feature","properties":{"GEO_ID":"0500000US34003","STATE":"34","COUNTY":"003","NAME":"Bergen","LSAD":"County","CENSUSAREA":233.009},"geometry":{"type":"Polygon","coordinates":[[[-74.213373,41.133828],[-74.096786,41.083796],[-74.092486,41.081896],[-74.041054,41.059088],[-74.041049,41.059086],[-73.91188,41.001297],[-73.90268,40.997297],[-73.893979,40.997197],[-73.917905,40.917577],[-73.919705,40.913478],[-73.92747,40.895682],[-73.933406,40.882078],[-73.933408,40.882075],[-73.938081,40.874699],[-73.948281,40.858399],[-73.986864,40.798344],[-74.017204,40.823541],[-74.044977,40.807702],[-74.147529,40.786491],[-74.138487,40.7987],[-74.139825,40.803147],[-74.136487,40.8182],[-74.130031,40.819962],[-74.148059,40.94159],[-74.148158,40.942339],[-74.146429,40.948441],[-74.141048,40.966348],[-74.17021,40.983865],[-74.170988,40.976997],[-74.270521,41.022131],[-74.213373,41.133828]]]},"id":"34003"},{"type":"Feature","properties":{"GEO_ID":"0500000US34009","STATE":"34","COUNTY":"009","NAME":"Cape May","LSAD":"County","CENSUSAREA":251.425},"geometry":{"type":"Polygon","coordinates":[[[-74.914936,39.177553],[-74.861073,39.323768],[-74.699745,39.289593],[-74.541443,39.300245],[-74.551151,39.293539],[-74.553439,39.286915],[-74.560957,39.278677],[-74.581008,39.270819],[-74.597921,39.258851],[-74.614481,39.244659],[-74.636306,39.220834],[-74.646595,39.212002],[-74.651443,39.198578],[-74.67143,39.179802],[-74.714341,39.119804],[-74.71532,39.116893],[-74.714135,39.114631],[-74.704409,39.107858],[-74.705876,39.102937],[-74.738316,39.074727],[-74.778777,39.023073],[-74.786356,39.000113],[-74.792723,38.991991],[-74.807917,38.985948],[-74.819354,38.979402],[-74.850748,38.954538],[-74.864458,38.94041],[-74.865198,38.941439],[-74.870497,38.943543],[-74.882309,38.941759],[-74.90705,38.931994],[-74.920414,38.929136],[-74.933571,38.928519],[-74.963463,38.931194],[-74.967274,38.933413],[-74.971995,38.94037],[-74.955363,39.001262],[-74.94947,39.015637],[-74.93832,39.035185],[-74.903664,39.087437],[-74.897784,39.098811],[-74.892547,39.113183],[-74.885914,39.143627],[-74.887167,39.158825],[-74.905181,39.174945],[-74.914936,39.177553]]]},"id":"34009"},{"type":"Feature","properties":{"GEO_ID":"0500000US34013","STATE":"34","COUNTY":"013","NAME":"Essex","LSAD":"County","CENSUSAREA":126.212},"geometry":{"type":"Polygon","coordinates":[[[-74.164799,40.754718],[-74.165987,40.745199],[-74.161958,40.736007],[-74.116993,40.737125],[-74.117057,40.710381],[-74.112787,40.703102],[-74.122911,40.691172],[-74.136703,40.674444],[-74.201589,40.686602],[-74.222452,40.707249],[-74.28587,40.722225],[-74.30123,40.713472],[-74.302092,40.713301],[-74.302695,40.713601],[-74.303691,40.7133],[-74.305393,40.713701],[-74.306991,40.714002],[-74.307589,40.714201],[-74.308793,40.714508],[-74.309388,40.714901],[-74.309791,40.715501],[-74.311691,40.715601],[-74.312794,40.717101],[-74.313793,40.718001],[-74.315293,40.718601],[-74.315991,40.719199],[-74.318992,40.719201],[-74.321408,40.719072],[-74.325596,40.717075],[-74.342682,40.725181],[-74.354942,40.7345],[-74.371923,40.739229],[-74.334316,40.905302],[-74.270702,40.89692],[-74.259813,40.883769],[-74.246691,40.880799],[-74.130031,40.819962],[-74.136487,40.8182],[-74.139825,40.803147],[-74.138487,40.7987],[-74.147529,40.786491],[-74.147859,40.784683],[-74.148266,40.779876],[-74.155798,40.770815],[-74.157688,40.7661],[-74.163388,40.759401],[-74.164799,40.754718]]]},"id":"34013"},{"type":"Feature","properties":{"GEO_ID":"0500000US34017","STATE":"34","COUNTY":"017","NAME":"Hudson","LSAD":"County","CENSUSAREA":46.191},"geometry":{"type":"Polygon","coordinates":[[[-73.986864,40.798344],[-73.993029,40.788746],[-74.000905,40.776488],[-74.009184,40.763601],[-74.013784,40.756601],[-74.024543,40.709436],[-74.038538,40.710741],[-74.051185,40.695802],[-74.069885,40.684502],[-74.082786,40.673702],[-74.089986,40.659903],[-74.087397,40.653607],[-74.094086,40.649703],[-74.143387,40.641903],[-74.161397,40.644092],[-74.160288,40.645903],[-74.153041,40.6548],[-74.136703,40.674444],[-74.122911,40.691172],[-74.112787,40.703102],[-74.117057,40.710381],[-74.116993,40.737125],[-74.161958,40.736007],[-74.165987,40.745199],[-74.164799,40.754718],[-74.163388,40.759401],[-74.157688,40.7661],[-74.155798,40.770815],[-74.148266,40.779876],[-74.147859,40.784683],[-74.147529,40.786491],[-74.044977,40.807702],[-74.017204,40.823541],[-73.986864,40.798344]]]},"id":"34017"},{"type":"Feature","properties":{"GEO_ID":"0500000US34019","STATE":"34","COUNTY":"019","NAME":"Hunterdon","LSAD":"County","CENSUSAREA":427.819},"geometry":{"type":"Polygon","coordinates":[[[-74.724418,40.719455],[-74.71315,40.583903],[-74.782513,40.487775],[-74.748147,40.424156],[-74.856262,40.346695],[-74.937954,40.340634],[-75.024775,40.403455],[-75.035548,40.406309],[-75.058848,40.418065],[-75.061489,40.422848],[-75.070568,40.455165],[-75.065853,40.519495],[-75.06509,40.526148],[-75.067344,40.536428],[-75.068615,40.542223],[-75.100325,40.567811],[-75.117292,40.573211],[-75.135389,40.575624],[-75.147368,40.573152],[-75.190161,40.589321],[-75.190858,40.591342],[-74.968454,40.710791],[-74.889753,40.787832],[-74.724418,40.719455]]]},"id":"34019"},{"type":"Feature","properties":{"GEO_ID":"0500000US34021","STATE":"34","COUNTY":"021","NAME":"Mercer","LSAD":"County","CENSUSAREA":224.557},"geometry":{"type":"Polygon","coordinates":[[[-74.724179,40.147324],[-74.721604,40.15381],[-74.722304,40.160609],[-74.758613,40.201342],[-74.770706,40.214908],[-74.860492,40.284584],[-74.937954,40.340634],[-74.856262,40.346695],[-74.748147,40.424156],[-74.722156,40.375146],[-74.622744,40.384421],[-74.617525,40.377862],[-74.619591,40.374397],[-74.572559,40.301054],[-74.484287,40.253299],[-74.587847,40.138237],[-74.589318,40.138051],[-74.589614,40.13819],[-74.589638,40.138741],[-74.589954,40.138879],[-74.591221,40.137913],[-74.591754,40.137981],[-74.592468,40.138494],[-74.59265,40.137818],[-74.593354,40.137855],[-74.593987,40.137541],[-74.59477,40.137875],[-74.724179,40.147324]]]},"id":"34021"},{"type":"Feature","properties":{"GEO_ID":"0500000US34029","STATE":"34","COUNTY":"029","NAME":"Ocean","LSAD":"County","CENSUSAREA":628.781},"geometry":{"type":"Polygon","coordinates":[[[-74.417393,39.557255],[-74.390399,39.596037],[-74.389905,39.773428],[-74.434653,39.854803],[-74.528808,40.036964],[-74.553105,40.07913],[-74.406777,40.172355],[-74.263763,40.168264],[-74.224411,40.108982],[-74.10803,40.136873],[-74.031861,40.101047],[-74.031318,40.100541],[-74.033546,40.099518],[-74.039421,40.081437],[-74.058798,40.001244],[-74.064135,39.979157],[-74.077247,39.910991],[-74.090945,39.799978],[-74.097071,39.767847],[-74.096906,39.76303],[-74.09892,39.759538],[-74.101443,39.756173],[-74.113655,39.740719],[-74.141733,39.689435],[-74.190974,39.625118],[-74.240506,39.554911],[-74.249043,39.547994],[-74.27737,39.514064],[-74.291585,39.507705],[-74.311037,39.506715],[-74.312451,39.499869],[-74.417393,39.557255]]]},"id":"34029"},{"type":"Feature","properties":{"GEO_ID":"0500000US34033","STATE":"34","COUNTY":"033","NAME":"Salem","LSAD":"County","CENSUSAREA":331.899},"geometry":{"type":"Polygon","coordinates":[[[-75.440623,39.780926],[-75.378232,39.745763],[-75.326452,39.689992],[-75.199706,39.666912],[-75.061973,39.568643],[-75.084187,39.45796],[-75.239529,39.559188],[-75.368213,39.456479],[-75.407294,39.381954],[-75.422099,39.386521],[-75.431803,39.391625],[-75.442393,39.402291],[-75.465212,39.43893],[-75.476279,39.438126],[-75.483572,39.440824],[-75.505672,39.452927],[-75.508383,39.459131],[-75.536431,39.460559],[-75.542894,39.470447],[-75.544368,39.479602],[-75.542693,39.496568],[-75.528088,39.498114],[-75.527141,39.500112],[-75.514756,39.562612],[-75.511932,39.567616],[-75.512732,39.578],[-75.525677,39.584048],[-75.531133,39.587984],[-75.534477,39.590384],[-75.537213,39.592944],[-75.53954,39.594251],[-75.539949,39.594384],[-75.543965,39.596],[-75.545405,39.596784],[-75.55587,39.605824],[-75.559446,39.629812],[-75.526844,39.655713],[-75.526344,39.656413],[-75.509342,39.685313],[-75.509742,39.686113],[-75.504042,39.698313],[-75.475384,39.731057],[-75.474168,39.735473],[-75.469239,39.743613],[-75.466263,39.750737],[-75.466249,39.750769],[-75.448135,39.773969],[-75.440623,39.780926]]]},"id":"34033"},{"type":"Feature","properties":{"GEO_ID":"0500000US34035","STATE":"34","COUNTY":"035","NAME":"Somerset","LSAD":"County","CENSUSAREA":301.813},"geometry":{"type":"Polygon","coordinates":[[[-74.782513,40.487775],[-74.71315,40.583903],[-74.724418,40.719455],[-74.555771,40.758005],[-74.548999,40.740994],[-74.528827,40.728133],[-74.526846,40.710872],[-74.513608,40.697339],[-74.534387,40.667256],[-74.523627,40.649702],[-74.510502,40.650295],[-74.503863,40.659627],[-74.484118,40.663387],[-74.484289,40.666065],[-74.47002,40.667934],[-74.461231,40.673397],[-74.408264,40.644185],[-74.417038,40.628077],[-74.43804,40.60991],[-74.463351,40.599245],[-74.515782,40.544955],[-74.514622,40.542711],[-74.512729,40.540541],[-74.503309,40.534119],[-74.499362,40.531951],[-74.495398,40.529403],[-74.490547,40.523048],[-74.459922,40.491015],[-74.489524,40.474415],[-74.493226,40.47077],[-74.494275,40.469807],[-74.619591,40.374397],[-74.617525,40.377862],[-74.622744,40.384421],[-74.722156,40.375146],[-74.748147,40.424156],[-74.782513,40.487775]]]},"id":"34035"},{"type":"Feature","properties":{"GEO_ID":"0500000US34041","STATE":"34","COUNTY":"041","NAME":"Warren","LSAD":"County","CENSUSAREA":356.918},"geometry":{"type":"Polygon","coordinates":[[[-74.980674,41.078178],[-74.968389,41.087797],[-74.966759,41.093425],[-74.967389,41.094049],[-74.966349,41.094003],[-74.78921,40.931298],[-74.767874,40.911823],[-74.889753,40.787832],[-74.968454,40.710791],[-75.190858,40.591342],[-75.196803,40.60858],[-75.200708,40.618356],[-75.20392,40.691498],[-75.196533,40.751631],[-75.171587,40.777745],[-75.16365,40.778386],[-75.149378,40.774786],[-75.1344,40.773765],[-75.108505,40.791094],[-75.053294,40.8599],[-75.051029,40.865662],[-75.052538,40.872051],[-75.117764,40.953023],[-75.119893,40.961646],[-75.120316,40.96263],[-75.120435,40.968302],[-75.120564,40.968313],[-75.131364,40.969277],[-75.135526,40.973807],[-75.130575,40.991093],[-75.109114,41.004102],[-75.091377,41.012283],[-75.069277,41.019348],[-75.051794,41.027142],[-75.036982,41.034702],[-75.026003,41.042687],[-74.980674,41.078178]]]},"id":"34041"},{"type":"Feature","properties":{"GEO_ID":"0500000US35007","STATE":"35","COUNTY":"007","NAME":"Colfax","LSAD":"County","CENSUSAREA":3758.06},"geometry":{"type":"Polygon","coordinates":[[[-105.1208,36.995428],[-105.000554,36.993264],[-104.73212,36.993484],[-104.732031,36.993447],[-104.007855,36.996239],[-104.008927,36.218018],[-104.436121,36.218761],[-104.865545,36.217997],[-104.865185,36.261144],[-105.340907,36.262245],[-105.327301,36.40543],[-105.356826,36.449504],[-105.318718,36.491693],[-105.377745,36.552096],[-105.370638,36.681032],[-105.311842,36.724471],[-105.230632,36.723784],[-105.220613,36.995169],[-105.155042,36.995339],[-105.1208,36.995428]]]},"id":"35007"},{"type":"Feature","properties":{"GEO_ID":"0500000US30055","STATE":"30","COUNTY":"055","NAME":"McCone","LSAD":"County","CENSUSAREA":2643.172},"geometry":{"type":"Polygon","coordinates":[[[-106.418567,47.957414],[-106.394163,48.064726],[-106.229302,48.026416],[-106.006176,48.033689],[-105.843797,48.010314],[-105.647941,48.077304],[-105.498036,48.097903],[-105.2282,48.09239],[-105.194742,48.065669],[-105.194933,47.86818],[-105.234619,47.79076],[-105.362992,47.79042],[-105.363449,47.5294],[-105.406511,47.529214],[-105.406237,47.181563],[-105.833042,47.180967],[-105.832846,47.093144],[-105.960127,47.092969],[-105.960094,47.180981],[-106.086777,47.180938],[-106.170434,47.18093],[-106.170675,47.354708],[-106.298189,47.354391],[-106.298087,47.5289],[-106.260585,47.529],[-106.261082,47.868312],[-106.358288,47.868412],[-106.358288,47.957216],[-106.418567,47.957414]]]},"id":"30055"},{"type":"Feature","properties":{"GEO_ID":"0500000US30057","STATE":"30","COUNTY":"057","NAME":"Madison","LSAD":"County","CENSUSAREA":3587.484},"geometry":{"type":"Polygon","coordinates":[[[-111.805134,45.798018],[-111.536816,45.656736],[-111.536614,45.642131],[-111.351346,45.641938],[-111.377682,44.751744],[-111.394815,44.751351],[-111.481536,44.709186],[-111.781713,44.708848],[-111.781812,44.781129],[-112.06587,44.783752],[-112.065678,44.825985],[-112.167103,44.826722],[-112.191197,45.000439],[-112.334258,45.000616],[-112.333813,45.088463],[-112.456847,45.088574],[-112.457744,45.349963],[-112.505346,45.443048],[-112.628609,45.440586],[-112.691417,45.483518],[-112.687054,45.624854],[-112.549534,45.684317],[-112.515453,45.746702],[-112.190269,45.748503],[-112.106378,45.841188],[-111.930144,45.857148],[-111.805134,45.798018]]]},"id":"30057"},{"type":"Feature","properties":{"GEO_ID":"0500000US30063","STATE":"30","COUNTY":"063","NAME":"Missoula","LSAD":"County","CENSUSAREA":2593.424},"geometry":{"type":"Polygon","coordinates":[[[-114.797235,47.268901],[-114.550033,47.251614],[-114.352769,47.190407],[-114.254476,47.120639],[-114.187383,47.138192],[-113.821994,47.181622],[-113.821126,47.268599],[-113.886455,47.318622],[-113.870895,47.392118],[-113.951187,47.476007],[-113.914926,47.500299],[-113.929999,47.598483],[-113.948763,47.600517],[-113.633957,47.599861],[-113.466486,47.599986],[-113.466122,47.178941],[-113.302873,47.179433],[-113.303005,46.832132],[-113.479917,46.80273],[-113.479817,46.744929],[-113.667726,46.716026],[-113.667225,46.658426],[-113.827831,46.661023],[-114.332887,46.660756],[-114.341336,46.642803],[-114.349584,46.646684],[-114.370129,46.654217],[-114.422176,46.652163],[-114.44683,46.645314],[-114.461211,46.639151],[-114.481943,46.631993],[-114.592264,46.632861],[-114.594707,46.633558],[-114.614423,46.639188],[-114.635868,46.65951],[-114.642713,46.673145],[-114.641745,46.679286],[-114.641322,46.686404],[-114.642692,46.694622],[-114.644747,46.702155],[-114.655704,46.711743],[-114.667346,46.719276],[-114.675505,46.719516],[-114.548929,46.747366],[-114.565991,46.963758],[-114.525403,47.009321],[-114.419662,47.023267],[-114.483637,47.067326],[-114.565985,47.067339],[-114.586753,47.12369],[-114.712026,47.182124],[-114.71217,47.22559],[-114.775739,47.225548],[-114.797235,47.268901]]]},"id":"30063"},{"type":"Feature","properties":{"GEO_ID":"0500000US30065","STATE":"30","COUNTY":"065","NAME":"Musselshell","LSAD":"County","CENSUSAREA":1868.155},"geometry":{"type":"Polygon","coordinates":[[[-107.827755,46.755986],[-107.792939,46.67983],[-107.781214,46.496014],[-107.782089,46.395286],[-107.928505,46.39529],[-108.011552,46.336639],[-108.029531,46.263812],[-108.32073,46.264061],[-108.40464,46.236126],[-108.404936,46.132675],[-108.78014,46.132402],[-108.779115,46.27672],[-108.861315,46.364825],[-108.904779,46.577394],[-108.988585,46.578572],[-109.009802,46.750432],[-108.63095,46.749414],[-107.827755,46.755986]]]},"id":"30065"},{"type":"Feature","properties":{"GEO_ID":"0500000US30071","STATE":"30","COUNTY":"071","NAME":"Phillips","LSAD":"County","CENSUSAREA":5140.035},"geometry":{"type":"Polygon","coordinates":[[[-107.179865,48.999559],[-107.206146,48.912592],[-107.206426,48.567989],[-107.193567,48.509267],[-107.25819,48.514825],[-107.301721,48.480943],[-107.301073,48.394],[-107.260454,48.393864],[-107.260593,48.30475],[-107.369306,48.305134],[-107.369899,48.218294],[-107.404555,48.218303],[-107.414886,47.691677],[-107.450151,47.622077],[-107.600981,47.650011],[-107.695788,47.628756],[-107.75931,47.552006],[-107.908907,47.450638],[-107.931105,47.569073],[-108.065418,47.598294],[-108.312615,47.583452],[-108.771619,47.645523],[-108.891022,47.734407],[-108.888163,47.922746],[-108.625708,47.92082],[-108.608027,47.991075],[-108.433966,47.976552],[-108.433848,48.219443],[-108.411366,48.219443],[-108.410374,48.448484],[-108.34593,48.422296],[-108.346193,48.56845],[-108.318834,48.568432],[-108.319144,48.74229],[-108.259347,48.742191],[-108.259372,48.913592],[-108.236495,48.999405],[-107.179865,48.999559]]]},"id":"30071"},{"type":"Feature","properties":{"GEO_ID":"0500000US30077","STATE":"30","COUNTY":"077","NAME":"Powell","LSAD":"County","CENSUSAREA":2326.392},"geometry":{"type":"Polygon","coordinates":[[[-113.303005,46.832132],[-113.302873,47.179433],[-113.466122,47.178941],[-113.466486,47.599986],[-113.144926,47.596363],[-113.114863,47.490564],[-113.059444,47.488096],[-113.058866,47.179369],[-112.796594,47.177222],[-112.79532,46.831772],[-112.535608,46.834382],[-112.535313,46.698527],[-112.41079,46.699696],[-112.410855,46.656711],[-112.298607,46.625918],[-112.31061,46.421006],[-112.558457,46.265925],[-113.036834,46.266822],[-113.038691,46.736132],[-113.115791,46.71359],[-113.303005,46.832132]]]},"id":"30077"},{"type":"Feature","properties":{"GEO_ID":"0500000US30083","STATE":"30","COUNTY":"083","NAME":"Richland","LSAD":"County","CENSUSAREA":2084.143},"geometry":{"type":"Polygon","coordinates":[[[-104.043933,47.971515],[-104.043497,47.95449],[-104.043329,47.949554],[-104.04223,47.891031],[-104.041662,47.862282],[-104.041869,47.841699],[-104.042567,47.808237],[-104.042432,47.805358],[-104.042384,47.803256],[-104.043199,47.747292],[-104.043242,47.747106],[-104.044621,47.45938],[-104.044797,47.438445],[-104.045069,47.397461],[-104.131525,47.354148],[-104.420263,47.354596],[-104.513279,47.354718],[-104.512883,47.529252],[-104.593811,47.528966],[-104.59363,47.615951],[-104.978516,47.616288],[-104.978,47.703374],[-105.23488,47.703634],[-105.234619,47.79076],[-105.194933,47.86818],[-105.194742,48.065669],[-105.177722,48.1031],[-105.119117,48.0596],[-104.990346,48.066449],[-104.891321,48.15069],[-104.822581,48.118945],[-104.681633,48.103323],[-104.544517,48.126553],[-104.245936,48.031005],[-104.14247,48.055005],[-104.098921,48.000019],[-104.04412,47.996107],[-104.044162,47.992836],[-104.043933,47.971515]]]},"id":"30083"},{"type":"Feature","properties":{"GEO_ID":"0500000US30087","STATE":"30","COUNTY":"087","NAME":"Rosebud","LSAD":"County","CENSUSAREA":5010.402},"geometry":{"type":"Polygon","coordinates":[[[-107.781214,46.496014],[-107.792939,46.67983],[-107.827755,46.755986],[-107.892117,46.851537],[-107.466813,46.860486],[-106.720027,46.859603],[-106.720258,46.845251],[-106.086504,46.845968],[-106.086335,46.831269],[-106.120909,46.83131],[-106.120415,46.483591],[-106.155265,46.48347],[-106.153268,46.137194],[-106.191438,46.137019],[-106.191861,45.7886],[-106.234263,45.788401],[-106.235575,45.351796],[-106.279478,45.351796],[-106.279682,45.179892],[-106.768014,45.179677],[-106.727488,45.676491],[-106.912997,45.684087],[-106.912494,45.788189],[-106.877217,45.831714],[-106.939095,45.870089],[-106.93898,46.136697],[-107.007451,46.134084],[-107.007261,46.307641],[-107.028378,46.395409],[-107.153227,46.395545],[-107.174607,46.48234],[-107.738547,46.481715],[-107.755369,46.482008],[-107.75518,46.496126],[-107.781214,46.496014]]]},"id":"30087"},{"type":"Feature","properties":{"GEO_ID":"0500000US30091","STATE":"30","COUNTY":"091","NAME":"Sheridan","LSAD":"County","CENSUSAREA":1677.08},"geometry":{"type":"Polygon","coordinates":[[[-104.047582,48.633976],[-104.04762,48.627015],[-104.047586,48.625644],[-104.04793,48.62019],[-104.048212,48.599055],[-104.047974,48.591606],[-104.047811,48.56277],[-104.047783,48.539737],[-104.047648,48.531489],[-104.047876,48.530798],[-104.047513,48.525913],[-104.047675,48.517852],[-104.047555,48.49414],[-104.047392,48.467086],[-104.047259,48.452941],[-104.047294,48.452529],[-104.047192,48.447251],[-104.04709,48.445903],[-104.04696,48.421065],[-104.047134,48.411057],[-104.046969,48.390675],[-104.046913,48.389433],[-104.046913,48.389429],[-104.628048,48.389239],[-104.62771,48.476349],[-104.757861,48.476556],[-104.757595,48.563122],[-104.973354,48.56319],[-104.973283,48.650085],[-105.038567,48.650232],[-105.057514,48.999448],[-104.647389,48.999344],[-104.543636,48.999541],[-104.048736,48.999877],[-104.048478,48.987007],[-104.048616,48.966736],[-104.048555,48.963772],[-104.0488,48.958997],[-104.048627,48.957124],[-104.048698,48.951823],[-104.048872,48.94963],[-104.04877,48.943301],[-104.048701,48.940331],[-104.048807,48.933636],[-104.048744,48.912113],[-104.048746,48.906858],[-104.048643,48.902609],[-104.048719,48.879921],[-104.048893,48.875739],[-104.048883,48.874008],[-104.048824,48.867539],[-104.048652,48.865734],[-104.0489,48.847387],[-104.048569,48.797052],[-104.048537,48.788552],[-104.048548,48.751356],[-104.04834,48.747133],[-104.047883,48.664191],[-104.047849,48.663163],[-104.047861,48.658856],[-104.047865,48.65745],[-104.047887,48.649911],[-104.047819,48.648631],[-104.047582,48.633984],[-104.047582,48.633976]]]},"id":"30091"},{"type":"Feature","properties":{"GEO_ID":"0500000US30097","STATE":"30","COUNTY":"097","NAME":"Sweet Grass","LSAD":"County","CENSUSAREA":1855.205},"geometry":{"type":"Polygon","coordinates":[[[-110.063819,45.172102],[-110.228549,45.17282],[-110.220902,45.784787],[-110.292662,45.785022],[-110.28186,46.18421],[-110.281858,46.220519],[-109.654304,46.219402],[-109.604968,46.045377],[-109.417297,46.044485],[-109.423259,45.960214],[-109.506715,45.959139],[-109.505939,45.870272],[-109.548918,45.87094],[-109.564149,45.782856],[-109.561958,45.609119],[-109.685289,45.608906],[-109.685551,45.56563],[-109.808793,45.565925],[-109.808841,45.522424],[-109.932028,45.522609],[-109.932223,45.348561],[-110.063347,45.348759],[-110.063819,45.172102]]]},"id":"30097"},{"type":"Feature","properties":{"GEO_ID":"0500000US30101","STATE":"30","COUNTY":"101","NAME":"Toole","LSAD":"County","CENSUSAREA":1915.647},"geometry":{"type":"Polygon","coordinates":[[[-112.193588,48.998229],[-111.854088,48.998067],[-111.85409,48.998039],[-111.761679,48.997614],[-111.761613,48.99765],[-111.270702,48.997895],[-111.274733,48.219444],[-111.408922,48.219476],[-111.6665,48.219412],[-111.665829,48.349497],[-111.796117,48.349814],[-111.79591,48.393011],[-111.990819,48.394285],[-111.990944,48.438546],[-112.184375,48.477593],[-112.193588,48.998229]]]},"id":"30101"},{"type":"Feature","properties":{"GEO_ID":"0500000US30109","STATE":"30","COUNTY":"109","NAME":"Wibaux","LSAD":"County","CENSUSAREA":889.265},"geometry":{"type":"Polygon","coordinates":[[[-104.045271,46.641449],[-104.045271,46.641443],[-104.353874,46.641446],[-104.417782,46.684892],[-104.607017,46.684926],[-104.603766,46.86088],[-104.496529,46.86091],[-104.369228,46.947439],[-104.305564,47.042311],[-104.341603,47.245598],[-104.451518,47.318417],[-104.420263,47.354596],[-104.131525,47.354148],[-104.045069,47.397461],[-104.045333,47.343452],[-104.045313,47.331955],[-104.045307,47.330128],[-104.045121,47.276969],[-104.045155,47.27393],[-104.045088,47.271406],[-104.045057,47.266868],[-104.045091,47.265953],[-104.045159,47.263874],[-104.045081,47.092813],[-104.045018,47.081202],[-104.045354,47.078574],[-104.045259,47.063901],[-104.045227,47.057502],[-104.045195,47.053639],[-104.045052,47.040863],[-104.045076,47.037589],[-104.045566,46.941231],[-104.045535,46.934009],[-104.045542,46.933887],[-104.045402,46.725423],[-104.045403,46.722177],[-104.04537,46.721332],[-104.045572,46.713881],[-104.045474,46.708738],[-104.045271,46.641449]]]},"id":"30109"},{"type":"Feature","properties":{"GEO_ID":"0500000US35019","STATE":"35","COUNTY":"019","NAME":"Guadalupe","LSAD":"County","CENSUSAREA":3030.482},"geometry":{"type":"Polygon","coordinates":[[[-105.312968,34.34672],[-105.312626,34.607052],[-105.290299,34.606744],[-105.290884,35.042093],[-105.291355,35.216345],[-104.124816,35.2156],[-104.124841,35.142183],[-104.129424,34.779324],[-104.340132,34.779062],[-104.444913,34.604821],[-104.892023,34.604426],[-104.89185,34.346989],[-105.312968,34.34672]]]},"id":"35019"},{"type":"Feature","properties":{"GEO_ID":"0500000US35021","STATE":"35","COUNTY":"021","NAME":"Harding","LSAD":"County","CENSUSAREA":2125.442},"geometry":{"type":"Polygon","coordinates":[[[-103.374988,35.740011],[-103.379941,35.397987],[-103.637147,35.389722],[-103.724585,35.422223],[-103.976867,35.801694],[-104.021315,35.78148],[-104.367447,35.781428],[-104.389736,35.857604],[-104.327381,35.96055],[-104.436121,36.218761],[-104.008927,36.218018],[-104.008991,36.174503],[-103.793986,36.173995],[-103.794342,36.085787],[-103.364975,36.086373],[-103.374988,35.740011]]]},"id":"35021"},{"type":"Feature","properties":{"GEO_ID":"0500000US35025","STATE":"35","COUNTY":"025","NAME":"Lea","LSAD":"County","CENSUSAREA":4390.932},"geometry":{"type":"Polygon","coordinates":[[[-103.056655,33.388416],[-103.057487,33.329477],[-103.057856,33.315234],[-103.060103,33.219225],[-103.063905,33.042055],[-103.06398,33.038693],[-103.064452,33.01029],[-103.064625,32.999899],[-103.064679,32.964373],[-103.064657,32.959097],[-103.064569,32.900014],[-103.064701,32.879355],[-103.064862,32.868346],[-103.064807,32.857696],[-103.064916,32.85726],[-103.064889,32.849359],[-103.064672,32.82847],[-103.064699,32.827531],[-103.064711,32.784593],[-103.064698,32.783602],[-103.064807,32.777303],[-103.064827,32.726628],[-103.064799,32.708694],[-103.064798,32.690761],[-103.064864,32.682647],[-103.064633,32.64642],[-103.064815,32.624537],[-103.064761,32.601863],[-103.064788,32.600397],[-103.064761,32.587983],[-103.064696,32.522193],[-103.064422,32.145006],[-103.064348,32.123041],[-103.064344,32.087051],[-103.064423,32.000518],[-103.085876,32.000465],[-103.088698,32.000453],[-103.215641,32.000513],[-103.267633,32.000475],[-103.267708,32.000324],[-103.270383,32.000326],[-103.278521,32.000419],[-103.326501,32.00037],[-103.722853,32.000221],[-103.722938,32.522587],[-103.813959,32.522464],[-103.8146,32.965203],[-103.766341,32.965232],[-103.766433,33.395491],[-103.72138,33.395905],[-103.720742,33.569678],[-103.510267,33.570256],[-103.05261,33.570599],[-103.056655,33.388438],[-103.056655,33.388416]]]},"id":"35025"},{"type":"Feature","properties":{"GEO_ID":"0500000US35033","STATE":"35","COUNTY":"033","NAME":"Mora","LSAD":"County","CENSUSAREA":1931.274},"geometry":{"type":"Polygon","coordinates":[[[-105.53038,36.013014],[-105.419992,36.131704],[-105.409677,36.236814],[-105.340907,36.262245],[-104.865185,36.261144],[-104.865545,36.217997],[-104.436121,36.218761],[-104.327381,35.96055],[-104.389736,35.857604],[-104.367447,35.781428],[-105.018811,35.769439],[-105.025454,35.754197],[-105.110049,35.807904],[-105.34783,35.870695],[-105.72028,35.871015],[-105.72054,35.875028],[-105.717374,35.97876],[-105.572388,35.972456],[-105.53038,36.013014]]]},"id":"35033"},{"type":"Feature","properties":{"GEO_ID":"0500000US35039","STATE":"35","COUNTY":"039","NAME":"Rio Arriba","LSAD":"County","CENSUSAREA":5860.837},"geometry":{"type":"Polygon","coordinates":[[[-107.62425,36.219799],[-107.618348,36.804739],[-107.605517,36.798039],[-107.451445,36.904036],[-107.420915,37.000005],[-107.420913,37.000005],[-107.000592,37.000009],[-106.869796,36.992426],[-106.675626,36.993123],[-106.661344,36.993243],[-106.628733,36.993161],[-106.628652,36.993175],[-106.617125,36.993004],[-106.617159,36.992967],[-106.476228,36.993472],[-106.248675,36.994288],[-106.247705,36.994266],[-106.006634,36.995343],[-105.971889,36.886247],[-105.984436,36.812065],[-105.972491,36.648088],[-105.938754,36.462402],[-105.959812,36.35442],[-106.058364,36.296978],[-105.856947,36.230434],[-105.735883,36.100133],[-105.53038,36.013014],[-105.572388,35.972456],[-105.717374,35.97876],[-105.71675,36.002356],[-106.071394,36.002028],[-106.054128,35.930783],[-106.245439,35.93093],[-106.245466,35.959346],[-106.248096,35.959386],[-106.247949,35.966335],[-106.247241,36.001517],[-106.885269,35.998967],[-106.884989,36.21657],[-107.62425,36.219799]]]},"id":"35039"},{"type":"Feature","properties":{"GEO_ID":"0500000US35041","STATE":"35","COUNTY":"041","NAME":"Roosevelt","LSAD":"County","CENSUSAREA":2447.431},"geometry":{"type":"Polygon","coordinates":[[[-103.043936,34.302585],[-103.043719,34.289441],[-103.043644,34.256903],[-103.043569,34.087947],[-103.043516,34.079382],[-103.043686,34.063078],[-103.043744,34.049986],[-103.043767,34.043545],[-103.043721,34.04232],[-103.043771,34.041538],[-103.043746,34.037294],[-103.043555,34.032714],[-103.043531,34.018014],[-103.043617,34.003633],[-103.04395,33.974629],[-103.044893,33.945617],[-103.045698,33.906299],[-103.045644,33.901537],[-103.046907,33.8503],[-103.047346,33.824675],[-103.049096,33.74627],[-103.050148,33.701971],[-103.050532,33.672408],[-103.051087,33.658186],[-103.051535,33.650487],[-103.051363,33.64195],[-103.051664,33.629489],[-103.05261,33.570599],[-103.510267,33.570256],[-103.509726,33.657218],[-103.71826,33.656136],[-103.716794,33.8193],[-103.841906,33.819252],[-103.841619,34.081681],[-103.945949,34.082784],[-103.948839,34.605058],[-103.738232,34.604671],[-103.740017,34.303076],[-103.043936,34.302585]]]},"id":"35041"},{"type":"Feature","properties":{"GEO_ID":"0500000US35043","STATE":"35","COUNTY":"043","NAME":"Sandoval","LSAD":"County","CENSUSAREA":3710.65},"geometry":{"type":"Polygon","coordinates":[[[-106.244827,35.215204],[-106.598652,35.217939],[-106.729852,35.218073],[-106.763162,35.218141],[-106.962038,35.218392],[-107.19617,35.219323],[-107.23916,35.305368],[-107.310041,35.305192],[-107.309634,35.419011],[-107.306591,35.41853],[-107.308212,35.99869],[-107.62651,36.00032],[-107.62425,36.219799],[-106.884989,36.21657],[-106.885269,35.998967],[-106.247241,36.001517],[-106.247949,35.966335],[-106.399644,35.960055],[-106.4007,35.807567],[-106.24825,35.755739],[-106.248491,35.443199],[-106.245676,35.238458],[-106.24516,35.23182],[-106.245514,35.229722],[-106.245061,35.228292],[-106.244827,35.215204]]]},"id":"35043"},{"type":"Feature","properties":{"GEO_ID":"0500000US35049","STATE":"35","COUNTY":"049","NAME":"Santa Fe","LSAD":"County","CENSUSAREA":1909.414},"geometry":{"type":"Polygon","coordinates":[[[-106.194229,35.040274],[-106.243866,35.040088],[-106.243683,35.041219],[-106.244827,35.215204],[-106.245061,35.228292],[-106.245514,35.229722],[-106.24516,35.23182],[-106.245676,35.238458],[-106.248491,35.443199],[-106.24825,35.755739],[-106.171656,35.828176],[-106.248257,35.839178],[-106.245439,35.93093],[-106.054128,35.930783],[-106.071394,36.002028],[-105.71675,36.002356],[-105.717374,35.97876],[-105.72054,35.875028],[-105.72028,35.871015],[-105.714475,35.041562],[-106.194229,35.040274]]]},"id":"35049"},{"type":"Feature","properties":{"GEO_ID":"0500000US35057","STATE":"35","COUNTY":"057","NAME":"Torrance","LSAD":"County","CENSUSAREA":3344.845},"geometry":{"type":"Polygon","coordinates":[[[-106.41699,34.439797],[-106.417473,34.521663],[-106.469975,34.521163],[-106.464532,34.809198],[-106.464177,34.870153],[-106.410977,34.870254],[-106.149575,34.870142],[-106.150155,34.953449],[-106.243866,34.953293],[-106.243866,35.040088],[-106.194229,35.040274],[-105.714475,35.041562],[-105.290884,35.042093],[-105.290299,34.606744],[-105.312626,34.607052],[-105.312968,34.34672],[-105.313218,34.260015],[-105.923959,34.259991],[-106.415861,34.259715],[-106.41699,34.439797]]]},"id":"35057"},{"type":"Feature","properties":{"GEO_ID":"0500000US35061","STATE":"35","COUNTY":"061","NAME":"Valencia","LSAD":"County","CENSUSAREA":1066.175},"geometry":{"type":"Polygon","coordinates":[[[-107.066694,34.957189],[-107.024784,34.870254],[-106.720666,34.870053],[-106.685889,34.90615],[-106.414475,34.892225],[-106.410974,34.889494],[-106.410977,34.870254],[-106.464177,34.870153],[-106.464532,34.809198],[-106.469975,34.521163],[-106.417473,34.521663],[-106.41699,34.439797],[-106.77306,34.53329],[-106.882561,34.579457],[-107.20441,34.578813],[-107.203039,34.958064],[-107.066694,34.957189]]]},"id":"35061"},{"type":"Feature","properties":{"GEO_ID":"0500000US46005","STATE":"46","COUNTY":"005","NAME":"Beadle","LSAD":"County","CENSUSAREA":1258.71},"geometry":{"type":"Polygon","coordinates":[[[-98.700453,44.196727],[-98.705762,44.634159],[-97.977791,44.631602],[-97.856226,44.631178],[-97.853028,44.544398],[-97.853206,44.543254],[-97.85366,44.195233],[-98.332042,44.19662],[-98.700453,44.196727]]]},"id":"46005"},{"type":"Feature","properties":{"GEO_ID":"0500000US46011","STATE":"46","COUNTY":"011","NAME":"Brookings","LSAD":"County","CENSUSAREA":792.206},"geometry":{"type":"Polygon","coordinates":[[[-97.129671,44.195933],[-97.128024,44.543126],[-96.885504,44.543773],[-96.45199,44.543639],[-96.452016,44.543533],[-96.452236,44.526871],[-96.45201,44.516929],[-96.451974,44.506849],[-96.452122,44.473043],[-96.452218,44.470873],[-96.451816,44.460402],[-96.451924,44.441549],[-96.452073,44.38969],[-96.452134,44.383679],[-96.452213,44.360149],[-96.452282,44.354857],[-96.452305,44.345332],[-96.452152,44.342219],[-96.452248,44.340642],[-96.452309,44.328094],[-96.452372,44.325991],[-96.452248,44.313362],[-96.452369,44.312071],[-96.452239,44.298655],[-96.452334,44.297009],[-96.4525,44.285687],[-96.452617,44.282702],[-96.452365,44.271972],[-96.452369,44.268967],[-96.452419,44.255274],[-96.452673,44.254588],[-96.452774,44.196895],[-96.452774,44.19678],[-96.889216,44.195705],[-97.129671,44.195933]]]},"id":"46011"},{"type":"Feature","properties":{"GEO_ID":"0500000US46019","STATE":"46","COUNTY":"019","NAME":"Butte","LSAD":"County","CENSUSAREA":2249.899},"geometry":{"type":"Polygon","coordinates":[[[-104.055877,44.571016],[-104.05581,44.691343],[-104.055938,44.693881],[-104.055777,44.700466],[-104.05587,44.723422],[-104.055934,44.72372],[-104.055963,44.767962],[-104.055963,44.768236],[-104.057698,44.997431],[-104.040128,44.999987],[-104.040274,45.212891],[-102.957281,45.212851],[-102.957371,45.039569],[-102.964125,44.604287],[-103.567653,44.604098],[-103.820639,44.604777],[-104.055877,44.571016]]]},"id":"46019"},{"type":"Feature","properties":{"GEO_ID":"0500000US46023","STATE":"46","COUNTY":"023","NAME":"Charles Mix","LSAD":"County","CENSUSAREA":1097.487},"geometry":{"type":"Polygon","coordinates":[[[-98.49855,42.99856],[-98.524871,43.039347],[-98.69046,43.076556],[-98.773406,43.145919],[-98.868762,43.162009],[-98.896783,43.246909],[-99.069285,43.320688],[-99.152889,43.426908],[-99.304332,43.460386],[-99.297998,43.499669],[-99.297882,43.499856],[-98.794588,43.499187],[-98.714946,43.499121],[-98.705782,43.499319],[-98.680688,43.373157],[-98.109492,43.196838],[-98.069044,43.184887],[-98.077108,43.16833],[-98.092782,42.973921],[-98.157405,42.831899],[-98.165835,42.837011],[-98.204506,42.846845],[-98.309741,42.881232],[-98.325864,42.8865],[-98.447047,42.935117],[-98.467356,42.947556],[-98.490483,42.977948],[-98.495747,42.988032],[-98.49855,42.99856]]]},"id":"46023"},{"type":"Feature","properties":{"GEO_ID":"0500000US46033","STATE":"46","COUNTY":"033","NAME":"Custer","LSAD":"County","CENSUSAREA":1557.002},"geometry":{"type":"Polygon","coordinates":[[[-104.054787,43.503328],[-104.055032,43.558603],[-104.05484,43.579368],[-104.054885,43.583512],[-104.054902,43.583852],[-104.055133,43.747105],[-104.055138,43.750421],[-104.055104,43.853478],[-102.687192,43.855415],[-102.695526,43.79815],[-102.817114,43.689658],[-102.810419,43.688132],[-102.9025,43.674888],[-103.001068,43.605799],[-103.000785,43.476847],[-103.935373,43.478824],[-104.054779,43.477815],[-104.054786,43.503072],[-104.054787,43.503328]]]},"id":"46033"},{"type":"Feature","properties":{"GEO_ID":"0500000US46039","STATE":"46","COUNTY":"039","NAME":"Deuel","LSAD":"County","CENSUSAREA":622.686},"geometry":{"type":"Polygon","coordinates":[[[-96.882345,44.97687],[-96.452092,44.977494],[-96.452092,44.977475],[-96.452347,44.962734],[-96.452047,44.910695],[-96.451853,44.906672],[-96.452009,44.89008],[-96.45156,44.805569],[-96.451559,44.805468],[-96.451829,44.797691],[-96.451888,44.792299],[-96.451823,44.790471],[-96.45162,44.776191],[-96.45138,44.761788],[-96.451573,44.76051],[-96.451543,44.703135],[-96.451761,44.63135],[-96.451761,44.631194],[-96.45172,44.630708],[-96.451888,44.544058],[-96.45199,44.543639],[-96.885504,44.543773],[-96.88457,44.804436],[-96.882345,44.97687]]]},"id":"46039"},{"type":"Feature","properties":{"GEO_ID":"0500000US46041","STATE":"46","COUNTY":"041","NAME":"Dewey","LSAD":"County","CENSUSAREA":2302.494},"geometry":{"type":"Polygon","coordinates":[[[-100.341924,45.472904],[-100.274176,45.381845],[-100.316659,45.317904],[-100.260223,45.24681],[-100.325451,45.099337],[-100.280344,45.018409],[-100.391818,45.026006],[-100.404753,44.897695],[-100.418682,44.843366],[-100.543484,44.761087],[-100.676387,44.823162],[-100.717644,44.77093],[-100.829795,44.783248],[-101.022611,44.724153],[-101.136838,44.747126],[-101.136162,44.994074],[-101.500988,44.993649],[-101.486348,45.38559],[-101.47019,45.472416],[-101.261796,45.472755],[-100.341924,45.472904]]]},"id":"46041"},{"type":"Feature","properties":{"GEO_ID":"0500000US46045","STATE":"46","COUNTY":"045","NAME":"Edmunds","LSAD":"County","CENSUSAREA":1125.956},"geometry":{"type":"Polygon","coordinates":[[[-99.708987,45.245866],[-99.707705,45.593391],[-98.725002,45.591252],[-98.722174,45.591242],[-98.722481,45.243764],[-99.573445,45.245364],[-99.708987,45.245866]]]},"id":"46045"},{"type":"Feature","properties":{"GEO_ID":"0500000US46051","STATE":"46","COUNTY":"051","NAME":"Grant","LSAD":"County","CENSUSAREA":681.458},"geometry":{"type":"Polygon","coordinates":[[[-96.452949,45.269059],[-96.452948,45.268925],[-96.452315,45.208986],[-96.452152,45.204849],[-96.452162,45.203109],[-96.452304,45.178563],[-96.452353,45.124071],[-96.452418,45.122677],[-96.452026,45.095138],[-96.452219,45.093836],[-96.45221,45.051602],[-96.452177,45.050185],[-96.45224,45.042347],[-96.452092,44.977494],[-96.882345,44.97687],[-96.883948,45.150224],[-97.226281,45.151826],[-97.226244,45.297647],[-97.007543,45.296866],[-96.992946,45.32688],[-96.47002,45.326832],[-96.454094,45.301546],[-96.453067,45.298115],[-96.452791,45.28428],[-96.452949,45.269059]]]},"id":"46051"},{"type":"Feature","properties":{"GEO_ID":"0500000US46059","STATE":"46","COUNTY":"059","NAME":"Hand","LSAD":"County","CENSUSAREA":1436.613},"geometry":{"type":"Polygon","coordinates":[[[-98.705762,44.634159],[-98.700453,44.196727],[-98.925953,44.196575],[-99.30018,44.19483],[-99.311754,44.897227],[-98.716498,44.896925],[-98.705357,44.89687],[-98.705762,44.634159]]]},"id":"46059"},{"type":"Feature","properties":{"GEO_ID":"0500000US30003","STATE":"30","COUNTY":"003","NAME":"Big Horn","LSAD":"County","CENSUSAREA":4995.462},"geometry":{"type":"Polygon","coordinates":[[[-106.888773,44.995885],[-106.892875,44.995947],[-107.080624,44.996791],[-107.13418,45.000109],[-107.607824,45.000929],[-107.608854,45.00086],[-107.911495,45.000948],[-108.125666,45.001011],[-108.249345,44.999458],[-108.25863,45.007576],[-108.127979,45.217911],[-108.699552,45.217952],[-108.682105,45.433093],[-108.644971,45.464091],[-108.316374,45.460509],[-108.316249,45.489459],[-108.193191,45.489396],[-108.193125,45.518413],[-108.069703,45.518246],[-108.069044,45.783599],[-108.04741,45.899316],[-107.881553,45.89897],[-107.798047,45.985681],[-107.674438,45.985685],[-107.674261,46.043627],[-107.511497,46.043257],[-107.424889,46.043396],[-107.424923,45.956786],[-107.176311,45.956788],[-107.176433,45.913323],[-107.051803,45.913788],[-107.052103,45.870088],[-106.939095,45.870089],[-106.877217,45.831714],[-106.912494,45.788189],[-106.912997,45.684087],[-106.727488,45.676491],[-106.768014,45.179677],[-106.279682,45.179892],[-106.263682,45.179792],[-106.263586,44.993788],[-106.888773,44.995885]]]},"id":"30003"},{"type":"Feature","properties":{"GEO_ID":"0500000US46063","STATE":"46","COUNTY":"063","NAME":"Harding","LSAD":"County","CENSUSAREA":2671.375},"geometry":{"type":"Polygon","coordinates":[[[-102.957281,45.212851],[-104.040274,45.212891],[-104.040358,45.335946],[-104.040265,45.345356],[-104.040114,45.374214],[-104.04041,45.393474],[-104.041764,45.490789],[-104.041274,45.499994],[-104.041145,45.503367],[-104.041717,45.539122],[-104.041647,45.550691],[-104.041937,45.557915],[-104.043814,45.868385],[-104.044009,45.871974],[-104.04403,45.881971],[-104.04403,45.881975],[-104.045443,45.94531],[-103.668479,45.945242],[-103.660779,45.945241],[-103.660779,45.945231],[-103.577083,45.945283],[-103.55871,45.945131],[-103.434851,45.945291],[-103.432393,45.945313],[-103.41804,45.945186],[-103.411325,45.945264],[-103.284109,45.945152],[-103.284092,45.945149],[-103.218396,45.945208],[-103.210634,45.945222],[-103.161251,45.945309],[-103.140939,45.945257],[-103.097872,45.945262],[-103.078477,45.945289],[-103.047779,45.945335],[-103.026058,45.945307],[-102.995668,45.945167],[-102.995345,45.945166],[-102.989902,45.945211],[-102.94207,45.945092],[-102.957281,45.212851]]]},"id":"46063"},{"type":"Feature","properties":{"GEO_ID":"0500000US46065","STATE":"46","COUNTY":"065","NAME":"Hughes","LSAD":"County","CENSUSAREA":741.56},"geometry":{"type":"Polygon","coordinates":[[[-99.676398,44.548111],[-99.66367,44.548089],[-99.663508,44.217517],[-99.695752,44.172375],[-99.612249,44.103694],[-99.884485,44.129582],[-99.938217,44.195195],[-99.892101,44.241881],[-100.08533,44.308451],[-100.36539,44.355524],[-100.386376,44.440008],[-100.573957,44.455475],[-100.526498,44.547422],[-99.676398,44.548111]]]},"id":"46065"},{"type":"Feature","properties":{"GEO_ID":"0500000US46069","STATE":"46","COUNTY":"069","NAME":"Hyde","LSAD":"County","CENSUSAREA":860.524},"geometry":{"type":"Polygon","coordinates":[[[-99.663508,44.217517],[-99.66367,44.548089],[-99.676398,44.548111],[-99.67305,44.897492],[-99.572699,44.897263],[-99.311754,44.897227],[-99.30018,44.19483],[-99.576571,44.192421],[-99.593941,44.204045],[-99.63235,44.215661],[-99.663508,44.217517]]]},"id":"46069"},{"type":"Feature","properties":{"GEO_ID":"0500000US46075","STATE":"46","COUNTY":"075","NAME":"Jones","LSAD":"County","CENSUSAREA":969.678},"geometry":{"type":"Polygon","coordinates":[[[-100.367207,44.168694],[-100.366174,43.846978],[-100.33897,43.716942],[-100.473105,43.720891],[-100.58338,43.768012],[-100.735003,43.707621],[-100.789635,43.725438],[-100.795732,43.754055],[-101.031377,43.857896],[-101.064326,43.84109],[-101.064068,43.994929],[-101.046786,43.99497],[-101.046916,44.168484],[-100.367207,44.168694]]]},"id":"46075"},{"type":"Feature","properties":{"GEO_ID":"0500000US46079","STATE":"46","COUNTY":"079","NAME":"Lake","LSAD":"County","CENSUSAREA":563.277},"geometry":{"type":"Polygon","coordinates":[[[-97.370115,44.194971],[-97.129671,44.195933],[-96.889216,44.195705],[-96.888664,43.848385],[-97.129089,43.847973],[-97.369463,43.848526],[-97.370115,44.194971]]]},"id":"46079"},{"type":"Feature","properties":{"GEO_ID":"0500000US46085","STATE":"46","COUNTY":"085","NAME":"Lyman","LSAD":"County","CENSUSAREA":1641.936},"geometry":{"type":"Polygon","coordinates":[[[-99.663508,44.217517],[-99.63235,44.215661],[-99.593941,44.204045],[-99.576571,44.192421],[-99.562536,44.101519],[-99.353717,43.995321],[-99.355864,43.934371],[-99.310826,43.855216],[-99.41015,43.774619],[-99.458809,43.6558],[-99.375378,43.656869],[-99.297882,43.499856],[-99.297998,43.499669],[-99.529121,43.499783],[-99.534482,43.499648],[-99.623578,43.499859],[-99.623587,43.742414],[-99.656181,43.765925],[-99.667613,43.730241],[-99.688111,43.759074],[-99.729978,43.718827],[-99.837825,43.689071],[-99.981465,43.687119],[-100.016612,43.706746],[-100.115169,43.685434],[-100.230845,43.713856],[-100.33897,43.716942],[-100.366174,43.846978],[-100.367207,44.168694],[-100.367247,44.194621],[-99.938217,44.195195],[-99.884485,44.129582],[-99.612249,44.103694],[-99.695752,44.172375],[-99.663508,44.217517]]]},"id":"46085"},{"type":"Feature","properties":{"GEO_ID":"0500000US46093","STATE":"46","COUNTY":"093","NAME":"Meade","LSAD":"County","CENSUSAREA":3470.984},"geometry":{"type":"Polygon","coordinates":[[[-102.957371,45.039569],[-101.999993,45.037999],[-102.000432,44.511663],[-102.000841,44.511259],[-102.001068,44.510926],[-102.164179,44.427466],[-102.306223,44.434085],[-102.388045,44.140183],[-103.452453,44.140772],[-103.453016,44.256609],[-103.574396,44.256077],[-103.567653,44.604098],[-102.964125,44.604287],[-102.957371,45.039569]]]},"id":"46093"},{"type":"Feature","properties":{"GEO_ID":"0500000US46097","STATE":"46","COUNTY":"097","NAME":"Miner","LSAD":"County","CENSUSAREA":570.311},"geometry":{"type":"Polygon","coordinates":[[[-97.370115,44.194971],[-97.369463,43.848526],[-97.608517,43.849059],[-97.85111,43.849857],[-97.849492,44.195235],[-97.370115,44.194971]]]},"id":"46097"},{"type":"Feature","properties":{"GEO_ID":"0500000US46101","STATE":"46","COUNTY":"101","NAME":"Moody","LSAD":"County","CENSUSAREA":519.386},"geometry":{"type":"Polygon","coordinates":[[[-96.888664,43.848385],[-96.889216,44.195705],[-96.452774,44.19678],[-96.453187,44.03835],[-96.453313,44.03643],[-96.453405,44.025413],[-96.453373,44.023744],[-96.453053,44.008887],[-96.453116,44.006876],[-96.453297,43.994723],[-96.453328,43.992871],[-96.453263,43.980277],[-96.453389,43.97806],[-96.453292,43.96718],[-96.453165,43.96654],[-96.453289,43.950814],[-96.453352,43.949122],[-96.453183,43.87865],[-96.453304,43.878583],[-96.453335,43.877029],[-96.453264,43.849604],[-96.453264,43.849506],[-96.453264,43.849501],[-96.508636,43.847591],[-96.888664,43.848385]]]},"id":"46101"},{"type":"Feature","properties":{"GEO_ID":"0500000US46113","STATE":"46","COUNTY":"113","NAME":"Shannon","LSAD":"County","CENSUSAREA":2093.898},"geometry":{"type":"Polygon","coordinates":[[[-103.000785,43.476847],[-103.001068,43.605799],[-102.9025,43.674888],[-102.810419,43.688132],[-102.175231,43.687756],[-102.139158,43.700948],[-102.139051,43.476676],[-102.110819,43.389902],[-102.108892,43.129258],[-102.082486,42.999356],[-102.082546,42.999356],[-102.440547,42.999609],[-102.487329,42.999559],[-102.792111,42.99998],[-103.000897,43.000474],[-103.000785,43.476847]]]},"id":"46113"},{"type":"Feature","properties":{"GEO_ID":"0500000US46115","STATE":"46","COUNTY":"115","NAME":"Spink","LSAD":"County","CENSUSAREA":1503.925},"geometry":{"type":"Polygon","coordinates":[[[-97.981457,45.240415],[-97.981511,45.172156],[-97.981641,45.170965],[-97.981792,45.153295],[-97.977791,44.631602],[-98.705762,44.634159],[-98.705357,44.89687],[-98.716498,44.896925],[-98.717759,45.243732],[-97.981457,45.240415]]]},"id":"46115"},{"type":"Feature","properties":{"GEO_ID":"0500000US46117","STATE":"46","COUNTY":"117","NAME":"Stanley","LSAD":"County","CENSUSAREA":1444.432},"geometry":{"type":"Polygon","coordinates":[[[-101.136838,44.747126],[-101.022611,44.724153],[-100.829795,44.783248],[-100.717644,44.77093],[-100.613805,44.707135],[-100.640061,44.583723],[-100.526498,44.547422],[-100.573957,44.455475],[-100.386376,44.440008],[-100.36539,44.355524],[-100.08533,44.308451],[-99.892101,44.241881],[-99.938217,44.195195],[-100.367247,44.194621],[-100.367207,44.168694],[-101.046916,44.168484],[-101.166753,44.168085],[-101.154516,44.689947],[-101.136838,44.747126]]]},"id":"46117"},{"type":"Feature","properties":{"GEO_ID":"0500000US46121","STATE":"46","COUNTY":"121","NAME":"Todd","LSAD":"County","CENSUSAREA":1388.556},"geometry":{"type":"Polygon","coordinates":[[[-101.228104,42.997874],[-101.227749,43.002087],[-101.228179,43.389185],[-100.214221,43.390321],[-100.198413,42.998542],[-100.198434,42.998542],[-100.277793,42.998674],[-100.283713,42.998767],[-100.349548,42.99874],[-100.355406,42.99876],[-100.472742,42.999288],[-100.534335,42.999017],[-100.544018,42.998795],[-100.553131,42.998721],[-100.887898,42.997881],[-100.906714,42.99791],[-100.958365,42.997796],[-100.96419,42.997886],[-101.226494,42.997901],[-101.226853,42.997896],[-101.228104,42.997874]]]},"id":"46121"},{"type":"Feature","properties":{"GEO_ID":"0500000US46127","STATE":"46","COUNTY":"127","NAME":"Union","LSAD":"County","CENSUSAREA":460.542},"geometry":{"type":"Polygon","coordinates":[[[-96.805682,43.08367],[-96.455107,43.083366],[-96.466017,43.062235],[-96.513111,43.02788],[-96.509479,42.971122],[-96.510749,42.944397],[-96.523264,42.909059],[-96.54146,42.857682],[-96.549513,42.839143],[-96.552092,42.836057],[-96.563058,42.831051],[-96.577813,42.828102],[-96.632142,42.770863],[-96.633168,42.768325],[-96.639704,42.737071],[-96.630617,42.70588],[-96.610975,42.694751],[-96.60614,42.694661],[-96.601989,42.697429],[-96.575299,42.682665],[-96.542366,42.660736],[-96.516338,42.630435],[-96.479685,42.561238],[-96.476952,42.556079],[-96.477709,42.535595],[-96.479909,42.524195],[-96.481308,42.516556],[-96.476947,42.508677],[-96.466253,42.497702],[-96.443408,42.489495],[-96.475565,42.480036],[-96.48749,42.479846],[-96.611489,42.506088],[-96.625958,42.513576],[-96.635982,42.524324],[-96.708049,42.601594],[-96.711332,42.610399],[-96.710604,42.619625],[-96.707245,42.631258],[-96.712871,42.648136],[-96.724033,42.665971],[-96.806553,42.703405],[-96.806213,42.704154],[-96.805682,43.08367]]]},"id":"46127"},{"type":"Feature","properties":{"GEO_ID":"0500000US30005","STATE":"30","COUNTY":"005","NAME":"Blaine","LSAD":"County","CENSUSAREA":4227.546},"geometry":{"type":"Polygon","coordinates":[[[-109.489686,49.000267],[-109.384762,49.000397],[-109.384068,49.000374],[-109.06057,48.999666],[-109.060292,48.999621],[-109.000708,48.999234],[-108.994722,48.999237],[-108.543194,48.999377],[-108.488063,48.999368],[-108.236495,48.999405],[-108.259372,48.913592],[-108.259347,48.742191],[-108.319144,48.74229],[-108.318834,48.568432],[-108.346193,48.56845],[-108.34593,48.422296],[-108.410374,48.448484],[-108.411366,48.219443],[-108.433848,48.219443],[-108.433966,47.976552],[-108.608027,47.991075],[-108.625708,47.92082],[-108.888163,47.922746],[-108.891022,47.734407],[-108.942745,47.791824],[-109.274171,47.793239],[-109.425315,47.720153],[-109.538454,47.738894],[-109.534295,48.135086],[-109.551644,48.293479],[-109.497259,48.451748],[-109.464257,48.452395],[-109.464442,48.52526],[-109.505322,48.567612],[-109.505778,48.913913],[-109.489686,49.000267]]]},"id":"30005"},{"type":"Feature","properties":{"GEO_ID":"0500000US30009","STATE":"30","COUNTY":"009","NAME":"Carbon","LSAD":"County","CENSUSAREA":2048.788},"geometry":{"type":"Polygon","coordinates":[[[-108.249345,44.999458],[-108.565921,45.000578],[-108.578484,45.000484],[-108.621313,45.000408],[-109.062262,44.999623],[-109.08301,44.99961],[-109.103445,45.005904],[-109.263431,45.005345],[-109.269294,45.005283],[-109.798687,45.002188],[-109.798221,45.167405],[-109.691105,45.167198],[-109.690497,45.261265],[-109.60866,45.261214],[-109.562014,45.36294],[-109.356241,45.464445],[-109.191508,45.464272],[-109.191449,45.523141],[-109.12846,45.523053],[-109.12781,45.587454],[-108.842697,45.611006],[-108.801661,45.552067],[-108.644971,45.464091],[-108.682105,45.433093],[-108.699552,45.217952],[-108.127979,45.217911],[-108.25863,45.007576],[-108.249345,44.999458]]]},"id":"30009"},{"type":"Feature","properties":{"GEO_ID":"0500000US30015","STATE":"30","COUNTY":"015","NAME":"Chouteau","LSAD":"County","CENSUSAREA":3972.488},"geometry":{"type":"Polygon","coordinates":[[[-111.408495,47.987045],[-111.409097,48.132218],[-110.827168,48.133173],[-110.827034,48.219669],[-110.755649,48.219671],[-110.625528,48.219625],[-110.625313,48.306479],[-109.845734,48.305971],[-109.845811,48.219109],[-109.72694,48.221419],[-109.727044,48.132619],[-109.534295,48.135086],[-109.538454,47.738894],[-109.836811,47.712253],[-109.850627,47.539301],[-110.159419,47.415338],[-110.213293,47.416659],[-110.639564,47.416259],[-110.639934,47.445332],[-110.769218,47.445996],[-110.768771,47.524837],[-110.863942,47.52506],[-111.049832,47.598325],[-110.976382,47.698605],[-111.409117,47.698277],[-111.408495,47.987045]]]},"id":"30015"},{"type":"Feature","properties":{"GEO_ID":"0500000US30019","STATE":"30","COUNTY":"019","NAME":"Daniels","LSAD":"County","CENSUSAREA":1426.105},"geometry":{"type":"Polygon","coordinates":[[[-105.804432,48.563318],[-106.021212,48.56322],[-106.021358,48.823975],[-106.15194,48.823898],[-106.112108,48.999279],[-106.050543,48.999207],[-105.966197,48.999445],[-105.834181,48.999707],[-105.775808,48.999637],[-105.65027,48.999444],[-105.612577,48.999703],[-105.607542,48.999624],[-105.578616,48.999673],[-105.522636,48.999591],[-105.411972,48.999582],[-105.407909,48.99948],[-105.391379,48.999475],[-105.38749,48.999382],[-105.355888,48.999357],[-105.277521,48.999457],[-105.265192,48.9995],[-105.057514,48.999448],[-105.038567,48.650232],[-104.973283,48.650085],[-104.973354,48.56319],[-105.804432,48.563318]]]},"id":"30019"},{"type":"Feature","properties":{"GEO_ID":"0500000US30023","STATE":"30","COUNTY":"023","NAME":"Deer Lodge","LSAD":"County","CENSUSAREA":736.53},"geometry":{"type":"Polygon","coordinates":[[[-113.085474,45.860586],[-113.179791,45.885009],[-113.395063,45.76649],[-113.501295,45.940807],[-113.516338,45.938638],[-113.516912,45.93942],[-113.517481,45.939898],[-113.274361,46.059484],[-113.284652,46.222761],[-113.03716,46.223078],[-113.036834,46.266822],[-112.558457,46.265925],[-112.57685,46.178859],[-112.777685,46.135807],[-112.777105,46.048363],[-112.938373,45.993224],[-112.923572,45.935524],[-113.085474,45.860586]]]},"id":"30023"},{"type":"Feature","properties":{"GEO_ID":"0500000US30029","STATE":"30","COUNTY":"029","NAME":"Flathead","LSAD":"County","CENSUSAREA":5087.66},"geometry":{"type":"Polygon","coordinates":[[[-113.34947,48.310155],[-113.236785,48.247345],[-113.231495,48.170652],[-113.016894,48.13246],[-112.878615,47.975766],[-112.984705,47.953982],[-113.08667,47.918109],[-113.080938,47.749885],[-113.165906,47.720729],[-113.144926,47.596363],[-113.466486,47.599986],[-113.633957,47.599861],[-113.604004,47.72153],[-113.681245,47.794662],[-113.667442,47.890291],[-113.747738,47.953079],[-113.841867,47.978185],[-113.885757,48.051129],[-114.028314,48.051911],[-114.078146,48.023454],[-114.038545,47.96255],[-114.491992,47.961906],[-114.477186,47.789841],[-114.604326,47.789744],[-114.604407,47.875605],[-114.98963,47.872819],[-115.010806,48.017256],[-115.020079,48.225954],[-114.847946,48.226159],[-114.849699,48.573549],[-114.888446,48.573612],[-114.888676,48.65849],[-114.639014,48.658959],[-114.692445,48.680372],[-114.611925,48.751888],[-114.73248,48.809234],[-114.691742,48.842091],[-114.728125,49.000623],[-114.678217,49.000725],[-114.674398,49.000679],[-114.43883,49.001076],[-114.068151,48.999364],[-114.014249,48.907927],[-114.05809,48.888935],[-113.957138,48.817636],[-113.911428,48.850196],[-113.790355,48.845427],[-113.71491,48.742789],[-113.750295,48.613931],[-113.467378,48.5476],[-113.480934,48.459711],[-113.333137,48.38782],[-113.34947,48.310155]]]},"id":"30029"},{"type":"Feature","properties":{"GEO_ID":"0500000US30035","STATE":"30","COUNTY":"035","NAME":"Glacier","LSAD":"County","CENSUSAREA":2995.937},"geometry":{"type":"Polygon","coordinates":[[[-112.193588,48.998229],[-112.184375,48.477593],[-112.229874,48.483081],[-112.576892,48.483478],[-112.575885,48.309372],[-113.34947,48.310155],[-113.333137,48.38782],[-113.480934,48.459711],[-113.467378,48.5476],[-113.750295,48.613931],[-113.71491,48.742789],[-113.790355,48.845427],[-113.911428,48.850196],[-113.957138,48.817636],[-114.05809,48.888935],[-114.014249,48.907927],[-114.068151,48.999364],[-113.692982,48.997632],[-113.116356,48.998462],[-113.110155,48.99855],[-113.106891,48.998501],[-113.103212,48.99853],[-113.098147,48.998494],[-113.095436,48.998533],[-113.092055,48.998543],[-113.087863,48.998557],[-113.085576,48.998581],[-113.011041,48.998643],[-113.009895,48.998619],[-112.193588,48.998229]]]},"id":"30035"},{"type":"Feature","properties":{"GEO_ID":"0500000US30041","STATE":"30","COUNTY":"041","NAME":"Hill","LSAD":"County","CENSUSAREA":2898.955},"geometry":{"type":"Polygon","coordinates":[[[-109.489686,49.000267],[-109.505778,48.913913],[-109.505322,48.567612],[-109.464442,48.52526],[-109.464257,48.452395],[-109.497259,48.451748],[-109.551644,48.293479],[-109.534295,48.135086],[-109.727044,48.132619],[-109.72694,48.221419],[-109.845811,48.219109],[-109.845734,48.305971],[-110.625313,48.306479],[-110.625528,48.219625],[-110.755649,48.219671],[-110.743209,48.998363],[-110.216135,48.999239],[-110.215516,48.999197],[-110.171595,48.999262],[-109.995618,48.999642],[-109.489686,49.000267]]]},"id":"30041"},{"type":"Feature","properties":{"GEO_ID":"0500000US19007","STATE":"19","COUNTY":"007","NAME":"Appanoose","LSAD":"County","CENSUSAREA":497.292},"geometry":{"type":"Polygon","coordinates":[[[-92.637898,40.590853],[-92.639223,40.590825],[-92.686693,40.589809],[-92.689854,40.589884],[-92.714598,40.589564],[-92.742232,40.589207],[-92.757407,40.588908],[-92.828061,40.588593],[-92.827992,40.588515],[-92.835074,40.588484],[-92.857391,40.58836],[-92.863034,40.588175],[-92.879178,40.588341],[-92.889796,40.588039],[-92.903544,40.58786],[-92.941595,40.587743],[-92.957747,40.58743],[-93.085517,40.584403],[-93.097296,40.584014],[-93.097595,40.898451],[-92.639091,40.898886],[-92.637898,40.590853]]]},"id":"19007"},{"type":"Feature","properties":{"GEO_ID":"0500000US19011","STATE":"19","COUNTY":"011","NAME":"Benton","LSAD":"County","CENSUSAREA":716.265},"geometry":{"type":"Polygon","coordinates":[[[-91.831089,42.299063],[-91.831379,41.861851],[-92.298164,41.862779],[-92.298792,42.297527],[-92.064766,42.297259],[-91.831089,42.299063]]]},"id":"19011"},{"type":"Feature","properties":{"GEO_ID":"0500000US19015","STATE":"19","COUNTY":"015","NAME":"Boone","LSAD":"County","CENSUSAREA":571.569},"geometry":{"type":"Polygon","coordinates":[[[-93.69839,42.209339],[-93.698032,41.86337],[-93.815527,41.863419],[-94.164138,41.863244],[-94.164704,42.20992],[-93.931581,42.210095],[-93.69839,42.209339]]]},"id":"19015"},{"type":"Feature","properties":{"GEO_ID":"0500000US19019","STATE":"19","COUNTY":"019","NAME":"Buchanan","LSAD":"County","CENSUSAREA":571.02},"geometry":{"type":"Polygon","coordinates":[[[-91.596981,42.296408],[-91.831089,42.299063],[-92.064766,42.297259],[-92.081661,42.642056],[-91.607059,42.643973],[-91.596981,42.296408]]]},"id":"19019"},{"type":"Feature","properties":{"GEO_ID":"0500000US19023","STATE":"19","COUNTY":"023","NAME":"Butler","LSAD":"County","CENSUSAREA":580.131},"geometry":{"type":"Polygon","coordinates":[[[-93.025144,42.907549],[-92.554211,42.907112],[-92.554492,42.642314],[-92.554561,42.55935],[-92.5543,42.555854],[-93.027,42.55681],[-93.025144,42.907549]]]},"id":"19023"},{"type":"Feature","properties":{"GEO_ID":"0500000US19027","STATE":"19","COUNTY":"027","NAME":"Carroll","LSAD":"County","CENSUSAREA":569.437},"geometry":{"type":"Polygon","coordinates":[[[-94.858412,42.209692],[-94.628806,42.209396],[-94.628724,41.862763],[-94.667977,41.862682],[-94.671695,41.862828],[-94.672368,41.86289],[-94.673119,41.86265],[-94.674259,41.862657],[-94.67542,41.862895],[-94.676942,41.862994],[-94.744876,41.862394],[-95.092861,41.863374],[-95.090851,42.210405],[-94.858412,42.209692]]]},"id":"19027"},{"type":"Feature","properties":{"GEO_ID":"0500000US19033","STATE":"19","COUNTY":"033","NAME":"Cerro Gordo","LSAD":"County","CENSUSAREA":568.313},"geometry":{"type":"Polygon","coordinates":[[[-93.024143,43.255538],[-93.024092,43.212812],[-93.025144,42.907549],[-93.498617,42.908512],[-93.497635,43.255468],[-93.024143,43.255538]]]},"id":"19033"},{"type":"Feature","properties":{"GEO_ID":"0500000US19041","STATE":"19","COUNTY":"041","NAME":"Clay","LSAD":"County","CENSUSAREA":567.238},"geometry":{"type":"Polygon","coordinates":[[[-95.388078,43.255221],[-94.913723,43.255054],[-94.91389,42.9097],[-95.388182,42.909897],[-95.388078,43.255221]]]},"id":"19041"},{"type":"Feature","properties":{"GEO_ID":"0500000US19043","STATE":"19","COUNTY":"043","NAME":"Clayton","LSAD":"County","CENSUSAREA":778.539},"geometry":{"type":"Polygon","coordinates":[[[-91.163064,42.986781],[-91.14556,42.90798],[-91.143375,42.90467],[-91.117411,42.895837],[-91.100565,42.883078],[-91.077643,42.803798],[-91.069549,42.769628],[-91.064896,42.757272],[-91.053733,42.738238],[-90.976314,42.695996],[-90.949213,42.685573],[-90.896961,42.674407],[-90.897415,42.645714],[-91.132766,42.645844],[-91.607059,42.643973],[-91.605307,43.081653],[-91.177222,43.080247],[-91.178087,43.062044],[-91.175167,43.041267],[-91.163064,42.986781]]]},"id":"19043"},{"type":"Feature","properties":{"GEO_ID":"0500000US19049","STATE":"19","COUNTY":"049","NAME":"Dallas","LSAD":"County","CENSUSAREA":588.447},"geometry":{"type":"Polygon","coordinates":[[[-94.28034,41.862999],[-94.164138,41.863244],[-93.815527,41.863419],[-93.814282,41.600448],[-93.790612,41.511916],[-93.896807,41.503098],[-94.241593,41.503679],[-94.280057,41.601312],[-94.28034,41.862999]]]},"id":"19049"},{"type":"Feature","properties":{"GEO_ID":"0500000US19057","STATE":"19","COUNTY":"057","NAME":"Des Moines","LSAD":"County","CENSUSAREA":416.123},"geometry":{"type":"Polygon","coordinates":[[[-91.37071,41.074112],[-90.949383,41.07271],[-90.948523,41.070248],[-90.945549,41.06173],[-90.942253,41.034702],[-90.952233,40.954047],[-90.962916,40.924957],[-90.968995,40.919127],[-90.9985,40.90812],[-91.009536,40.900565],[-91.092993,40.821079],[-91.097553,40.808433],[-91.097031,40.802471],[-91.094728,40.797833],[-91.11194,40.697018],[-91.112258,40.696218],[-91.182551,40.7081],[-91.409324,40.812682],[-91.372095,40.812631],[-91.37071,41.074112]]]},"id":"19057"},{"type":"Feature","properties":{"GEO_ID":"0500000US19073","STATE":"19","COUNTY":"073","NAME":"Greene","LSAD":"County","CENSUSAREA":569.574},"geometry":{"type":"Polygon","coordinates":[[[-94.397526,42.209161],[-94.164704,42.20992],[-94.164138,41.863244],[-94.28034,41.862999],[-94.628724,41.862763],[-94.628806,42.209396],[-94.397526,42.209161]]]},"id":"19073"},{"type":"Feature","properties":{"GEO_ID":"0500000US19081","STATE":"19","COUNTY":"081","NAME":"Hancock","LSAD":"County","CENSUSAREA":571.005},"geometry":{"type":"Polygon","coordinates":[[[-93.971238,42.907762],[-93.970415,43.255358],[-93.497635,43.255468],[-93.498617,42.908512],[-93.971238,42.907762]]]},"id":"19081"},{"type":"Feature","properties":{"GEO_ID":"0500000US19091","STATE":"19","COUNTY":"091","NAME":"Humboldt","LSAD":"County","CENSUSAREA":434.352},"geometry":{"type":"Polygon","coordinates":[[[-94.443083,42.645164],[-94.442954,42.908073],[-93.971238,42.907762],[-93.971714,42.644707],[-94.443083,42.645164]]]},"id":"19091"},{"type":"Feature","properties":{"GEO_ID":"0500000US19099","STATE":"19","COUNTY":"099","NAME":"Jasper","LSAD":"County","CENSUSAREA":730.42},"geometry":{"type":"Polygon","coordinates":[[[-93.231858,41.862711],[-92.765999,41.862373],[-92.756508,41.508794],[-92.871421,41.508522],[-93.328614,41.507824],[-93.348681,41.600999],[-93.347933,41.863104],[-93.231858,41.862711]]]},"id":"19099"},{"type":"Feature","properties":{"GEO_ID":"0500000US19115","STATE":"19","COUNTY":"115","NAME":"Louisa","LSAD":"County","CENSUSAREA":401.766},"geometry":{"type":"Polygon","coordinates":[[[-91.37071,41.074112],[-91.370298,41.161247],[-91.485717,41.162405],[-91.483995,41.423848],[-91.368521,41.423178],[-91.369332,41.336063],[-91.079657,41.333727],[-91.114186,41.250029],[-91.113648,41.241401],[-91.049808,41.178033],[-91.019036,41.16491],[-91.005503,41.165622],[-90.997906,41.162564],[-90.989663,41.155716],[-90.946627,41.096632],[-90.949383,41.072711],[-90.949383,41.07271],[-91.37071,41.074112]]]},"id":"19115"},{"type":"Feature","properties":{"GEO_ID":"0500000US19131","STATE":"19","COUNTY":"131","NAME":"Mitchell","LSAD":"County","CENSUSAREA":469.133},"geometry":{"type":"Polygon","coordinates":[[[-93.024348,43.499572],[-93.007871,43.499604],[-92.870277,43.499548],[-92.790317,43.499567],[-92.752088,43.500084],[-92.707312,43.500069],[-92.692786,43.500063],[-92.689033,43.500062],[-92.67258,43.500055],[-92.653318,43.50005],[-92.649194,43.500049],[-92.553161,43.5003],[-92.553128,43.5003],[-92.554381,43.212813],[-93.024092,43.212812],[-93.024143,43.255538],[-93.024348,43.499572]]]},"id":"19131"},{"type":"Feature","properties":{"GEO_ID":"0500000US19147","STATE":"19","COUNTY":"147","NAME":"Palo Alto","LSAD":"County","CENSUSAREA":563.844},"geometry":{"type":"Polygon","coordinates":[[[-94.443137,43.255014],[-94.443136,42.909498],[-94.442954,42.908073],[-94.91389,42.9097],[-94.913723,43.255054],[-94.443137,43.255014]]]},"id":"19147"},{"type":"Feature","properties":{"GEO_ID":"0500000US19157","STATE":"19","COUNTY":"157","NAME":"Poweshiek","LSAD":"County","CENSUSAREA":584.932},"geometry":{"type":"Polygon","coordinates":[[[-92.297494,41.50979],[-92.411995,41.509548],[-92.756508,41.508794],[-92.765999,41.862373],[-92.298164,41.862779],[-92.297494,41.50979]]]},"id":"19157"},{"type":"Feature","properties":{"GEO_ID":"0500000US19165","STATE":"19","COUNTY":"165","NAME":"Shelby","LSAD":"County","CENSUSAREA":590.779},"geometry":{"type":"Polygon","coordinates":[[[-95.04077,41.50469],[-95.154722,41.505211],[-95.497997,41.506074],[-95.497793,41.602333],[-95.558143,41.602383],[-95.557277,41.863449],[-95.092861,41.863374],[-95.09252,41.602055],[-95.040748,41.602152],[-95.04077,41.50469]]]},"id":"19165"},{"type":"Feature","properties":{"GEO_ID":"0500000US19179","STATE":"19","COUNTY":"179","NAME":"Wapello","LSAD":"County","CENSUSAREA":431.833},"geometry":{"type":"Polygon","coordinates":[[[-92.410233,41.161942],[-92.179974,41.162662],[-92.179072,40.89972],[-92.639091,40.898886],[-92.640361,41.161298],[-92.410233,41.161942]]]},"id":"19179"},{"type":"Feature","properties":{"GEO_ID":"0500000US19187","STATE":"19","COUNTY":"187","NAME":"Webster","LSAD":"County","CENSUSAREA":715.619},"geometry":{"type":"Polygon","coordinates":[[[-94.443024,42.558843],[-94.443083,42.645164],[-93.971714,42.644707],[-93.971583,42.558139],[-93.931684,42.472011],[-93.931581,42.210095],[-94.164704,42.20992],[-94.397526,42.209161],[-94.397671,42.4733],[-94.443024,42.558843]]]},"id":"19187"},{"type":"Feature","properties":{"GEO_ID":"0500000US19197","STATE":"19","COUNTY":"197","NAME":"Wright","LSAD":"County","CENSUSAREA":580.422},"geometry":{"type":"Polygon","coordinates":[[[-93.971238,42.907762],[-93.498617,42.908512],[-93.499485,42.5577],[-93.500212,42.557836],[-93.971583,42.558139],[-93.971714,42.644707],[-93.971238,42.907762]]]},"id":"19197"},{"type":"Feature","properties":{"GEO_ID":"0500000US35013","STATE":"35","COUNTY":"013","NAME":"Doña Ana","LSAD":"County","CENSUSAREA":3807.511},"geometry":{"type":"Polygon","coordinates":[[[-106.377174,32.00149],[-106.394298,32.001484],[-106.411075,32.001334],[-106.565142,32.000736],[-106.566056,32.000759],[-106.587972,32.000749],[-106.595333,32.000778],[-106.598639,32.000754],[-106.599096,32.000731],[-106.614702,31.956],[-106.616136,31.948439],[-106.627808,31.860593],[-106.625763,31.856276],[-106.621857,31.852854],[-106.614637,31.84649],[-106.605845,31.846305],[-106.605245,31.845905],[-106.566844,31.813306],[-106.563444,31.812606],[-106.545344,31.805007],[-106.544714,31.804287],[-106.542144,31.802107],[-106.542097,31.802146],[-106.535843,31.798607],[-106.535343,31.797507],[-106.535154,31.797089],[-106.534743,31.796107],[-106.533043,31.791907],[-106.533,31.791829],[-106.53248,31.791914],[-106.530515,31.792103],[-106.527943,31.790507],[-106.527738,31.789761],[-106.527623,31.789119],[-106.527997,31.786945],[-106.528543,31.784407],[-106.528543,31.783907],[-106.750547,31.783706],[-106.750547,31.783898],[-106.993544,31.783689],[-106.998235,31.783671],[-107.00056,31.783679],[-107.00056,31.783513],[-107.296824,31.783762],[-107.299463,32.605534],[-107.299371,32.780603],[-106.887733,32.779311],[-106.887859,32.822844],[-106.340473,33.052795],[-106.340731,32.95825],[-106.376614,32.957941],[-106.377174,32.00149]]]},"id":"35013"},{"type":"Feature","properties":{"GEO_ID":"0500000US35017","STATE":"35","COUNTY":"017","NAME":"Grant","LSAD":"County","CENSUSAREA":3961.625},"geometry":{"type":"Polygon","coordinates":[[[-107.608283,32.605382],[-107.92349,32.60438],[-107.923489,32.517283],[-108.229259,32.516996],[-108.217194,31.864096],[-108.524702,31.863694],[-108.524586,32.079732],[-108.538135,32.079836],[-108.537035,32.516751],[-108.647155,32.516897],[-108.646373,32.603582],[-108.853075,32.603627],[-108.854381,32.777276],[-109.047117,32.777569],[-109.047117,32.77757],[-109.04748,33.06842],[-109.047453,33.069427],[-109.046905,33.091931],[-109.047013,33.092917],[-109.047117,33.137559],[-109.047116,33.137995],[-109.047237,33.208965],[-108.449988,33.200997],[-108.000597,33.201563],[-107.858292,33.200879],[-107.836192,33.067763],[-107.856672,33.002539],[-107.780548,32.952776],[-107.773088,32.853775],[-107.716186,32.762676],[-107.736949,32.629494],[-107.608283,32.605382]]]},"id":"35017"},{"type":"Feature","properties":{"GEO_ID":"0500000US35037","STATE":"35","COUNTY":"037","NAME":"Quay","LSAD":"County","CENSUSAREA":2874.349},"geometry":{"type":"Polygon","coordinates":[[[-103.04252,35.135596],[-103.042521,34.954101],[-103.282998,34.953957],[-103.284157,34.86499],[-103.389359,34.86532],[-103.390274,34.778122],[-103.495379,34.778699],[-103.496024,34.691473],[-103.705788,34.692463],[-103.706528,34.604935],[-103.738232,34.604671],[-103.948839,34.605058],[-104.12888,34.60522],[-104.129424,34.779324],[-104.124841,35.142183],[-103.857698,35.264082],[-103.857529,35.242199],[-103.637057,35.240881],[-103.637147,35.389722],[-103.379941,35.397987],[-103.374988,35.740011],[-103.041357,35.739274],[-103.041554,35.622487],[-103.042497,35.211862],[-103.042377,35.183156],[-103.042377,35.183149],[-103.042366,35.182786],[-103.042339,35.181922],[-103.042395,35.178573],[-103.042568,35.159318],[-103.042711,35.144735],[-103.0426,35.142766],[-103.04252,35.135596]]]},"id":"35037"},{"type":"Feature","properties":{"GEO_ID":"0500000US35059","STATE":"35","COUNTY":"059","NAME":"Union","LSAD":"County","CENSUSAREA":3823.744},"geometry":{"type":"Polygon","coordinates":[[[-103.040824,36.055231],[-103.041357,35.739274],[-103.374988,35.740011],[-103.364975,36.086373],[-103.794342,36.085787],[-103.793986,36.173995],[-104.008991,36.174503],[-104.008927,36.218018],[-104.007855,36.996239],[-103.734364,36.998041],[-103.733247,36.998016],[-103.086105,36.999864],[-103.002199,37.000104],[-103.002247,36.911587],[-103.001964,36.909573],[-103.002198,36.719427],[-103.002518,36.675186],[-103.002252,36.61718],[-103.002188,36.602716],[-103.002565,36.526588],[-103.002434,36.500397],[-103.041669,36.478514],[-103.041745,36.318267],[-103.041674,36.317534],[-103.040824,36.055231]]]},"id":"35059"},{"type":"Feature","properties":{"GEO_ID":"0500000US06011","STATE":"06","COUNTY":"011","NAME":"Colusa","LSAD":"County","CENSUSAREA":1150.731},"geometry":{"type":"Polygon","coordinates":[[[-121.908269,39.303878],[-121.945509,39.180959],[-121.847964,39.070817],[-121.835488,38.924481],[-122.337967,38.923945],[-122.340172,38.924246],[-122.492215,39.054092],[-122.476083,39.172609],[-122.680927,39.238726],[-122.775043,39.311778],[-122.78509,39.382975],[-122.739062,39.383266],[-122.136006,39.385494],[-122.136161,39.414499],[-121.890013,39.383864],[-121.908269,39.303878]]]},"id":"06011"},{"type":"Feature","properties":{"GEO_ID":"0500000US06027","STATE":"06","COUNTY":"027","NAME":"Inyo","LSAD":"County","CENSUSAREA":10180.879},"geometry":{"type":"Polygon","coordinates":[[[-117.832726,37.464929],[-117.500909,37.220282],[-117.166187,36.970862],[-117.000895,36.847694],[-116.488233,36.459097],[-116.097216,36.158346],[-116.093601,36.155805],[-115.912858,36.015359],[-115.892975,35.999967],[-115.84608,35.963596],[-115.689302,35.842003],[-115.648029,35.809629],[-115.648925,35.809128],[-115.735745,35.809097],[-115.735891,35.79362],[-117.632996,35.797251],[-118.008043,35.789161],[-117.998258,35.868782],[-117.980761,35.867515],[-118.003577,35.983718],[-118.033611,36.008944],[-118.127147,36.279656],[-118.100317,36.346137],[-118.21482,36.435036],[-118.274624,36.597334],[-118.366328,36.691635],[-118.360586,36.744773],[-118.437137,37.059818],[-118.654593,37.141826],[-118.665167,37.261009],[-118.716016,37.328208],[-118.786736,37.34338],[-118.775014,37.463052],[-117.832726,37.464929]]]},"id":"06027"},{"type":"Feature","properties":{"GEO_ID":"0500000US06047","STATE":"06","COUNTY":"047","NAME":"Merced","LSAD":"County","CENSUSAREA":1934.972},"geometry":{"type":"Polygon","coordinates":[[[-120.931374,37.421753],[-120.38767,37.633364],[-120.26601,37.400607],[-120.143826,37.239192],[-120.052055,37.183108],[-120.400758,37.117764],[-120.541696,37.044505],[-120.590566,36.952641],[-120.65595,36.952832],[-120.918731,36.740381],[-121.141523,36.836656],[-121.215406,36.961248],[-121.226804,37.134774],[-120.964223,37.345782],[-120.931374,37.421753]]]},"id":"06047"},{"type":"Feature","properties":{"GEO_ID":"0500000US06063","STATE":"06","COUNTY":"063","NAME":"Plumas","LSAD":"County","CENSUSAREA":2553.043},"geometry":{"type":"Polygon","coordinates":[[[-121.076695,39.597264],[-121.360516,39.84074],[-121.430012,39.914833],[-121.366818,40.086054],[-121.436886,40.151905],[-121.368395,40.21223],[-121.345571,40.312667],[-121.470395,40.350213],[-121.497635,40.445591],[-121.327826,40.445367],[-121.061417,40.446536],[-121.061493,40.256417],[-120.928582,40.191931],[-120.764403,40.31601],[-120.652158,40.307656],[-120.510817,40.248945],[-120.445892,40.176854],[-120.341385,40.115243],[-120.209641,40.086008],[-120.201264,40.013474],[-120.108761,39.93951],[-120.110627,39.765779],[-120.147149,39.707658],[-120.792484,39.709794],[-120.873618,39.775875],[-121.009477,39.639459],[-121.050922,39.613801],[-121.05267,39.612334],[-121.076695,39.597264]]]},"id":"06063"},{"type":"Feature","properties":{"GEO_ID":"0500000US06077","STATE":"06","COUNTY":"077","NAME":"San Joaquin","LSAD":"County","CENSUSAREA":1391.322},"geometry":{"type":"Polygon","coordinates":[[[-120.926449,38.077421],[-120.920665,37.738392],[-120.995754,37.760152],[-121.155849,37.719844],[-121.258171,37.653495],[-121.273751,37.63833],[-121.333388,37.59105],[-121.471925,37.481783],[-121.556655,37.542732],[-121.556936,37.817218],[-121.550971,37.831155],[-121.538931,37.839563],[-121.536595,37.844723],[-121.538026,37.849622],[-121.549517,37.856986],[-121.561813,37.857135],[-121.56937,37.858881],[-121.575463,37.863118],[-121.574849,37.885021],[-121.569113,37.901521],[-121.55987,37.920862],[-121.561937,37.937612],[-121.56364,37.94611],[-121.569889,37.957495],[-121.574823,37.973025],[-121.579943,37.976113],[-121.580022,38.094414],[-121.484317,38.241509],[-121.344024,38.22826],[-121.027084,38.300252],[-120.995497,38.225405],[-120.93885,38.088321],[-120.926449,38.077421]]]},"id":"06077"},{"type":"Feature","properties":{"GEO_ID":"0500000US06091","STATE":"06","COUNTY":"091","NAME":"Sierra","LSAD":"County","CENSUSAREA":953.214},"geometry":{"type":"Polygon","coordinates":[[[-120.001319,39.722416],[-120.003116,39.445113],[-120.003117,39.445045],[-120.505445,39.446117],[-120.575059,39.52228],[-120.654332,39.526889],[-120.755729,39.452663],[-121.022085,39.391558],[-121.034406,39.514509],[-121.009477,39.639459],[-120.873618,39.775875],[-120.792484,39.709794],[-120.147149,39.707658],[-120.001319,39.722416]]]},"id":"06091"},{"type":"Feature","properties":{"GEO_ID":"0500000US06107","STATE":"06","COUNTY":"107","NAME":"Tulare","LSAD":"County","CENSUSAREA":4824.215},"geometry":{"type":"Polygon","coordinates":[[[-119.214033,35.790489],[-119.534559,35.789758],[-119.538116,35.789567],[-119.529358,36.26985],[-119.474607,36.269025],[-119.474892,36.400953],[-119.528792,36.401465],[-119.573194,36.488835],[-119.466322,36.575238],[-119.305102,36.573725],[-119.304625,36.660606],[-118.984779,36.657147],[-118.982441,36.741646],[-118.360586,36.744773],[-118.366328,36.691635],[-118.274624,36.597334],[-118.21482,36.435036],[-118.100317,36.346137],[-118.127147,36.279656],[-118.033611,36.008944],[-118.003577,35.983718],[-117.980761,35.867515],[-117.998258,35.868782],[-118.008043,35.789161],[-118.270456,35.790009],[-119.214033,35.790489]]]},"id":"06107"},{"type":"Feature","properties":{"GEO_ID":"0500000US06041","STATE":"06","COUNTY":"041","NAME":"Marin","LSAD":"County","CENSUSAREA":520.306},"geometry":{"type":"Polygon","coordinates":[[[-122.490727,38.109755],[-122.491283,38.108087],[-122.489974,38.096961],[-122.486702,38.090088],[-122.483757,38.071762],[-122.492265,38.056381],[-122.499465,38.032165],[-122.497828,38.019402],[-122.494556,38.015148],[-122.481466,38.007621],[-122.462812,38.003367],[-122.452995,37.996167],[-122.448413,37.988313],[-122.448413,37.984713],[-122.456595,37.978823],[-122.462485,37.981441],[-122.471975,37.981768],[-122.488665,37.966714],[-122.490302,37.964751],[-122.490302,37.959188],[-122.487684,37.948716],[-122.480484,37.945443],[-122.479175,37.941516],[-122.48572,37.937589],[-122.499465,37.939225],[-122.503064,37.936607],[-122.503064,37.928753],[-122.493574,37.921881],[-122.486375,37.921881],[-122.478193,37.918608],[-122.471975,37.910427],[-122.472303,37.902573],[-122.458558,37.894064],[-122.448413,37.89341],[-122.43925,37.88392],[-122.438268,37.880974],[-122.45005,37.871157],[-122.462158,37.868866],[-122.474266,37.874429],[-122.480811,37.873448],[-122.483429,37.868866],[-122.483102,37.863957],[-122.476536,37.832812],[-122.476473,37.832513],[-122.479151,37.825428],[-122.47986,37.825641],[-122.483483,37.826728],[-122.492474,37.82484],[-122.505383,37.822128],[-122.522836,37.824717],[-122.523585,37.824828],[-122.537285,37.830328],[-122.548986,37.836227],[-122.561487,37.851827],[-122.584289,37.859227],[-122.60129,37.875126],[-122.627113,37.88608],[-122.639977,37.897349],[-122.656519,37.904519],[-122.678474,37.906604],[-122.682171,37.90645],[-122.693569,37.901171],[-122.70264,37.89382],[-122.727297,37.904626],[-122.732898,37.920225],[-122.736898,37.925825],[-122.754606,37.935527],[-122.766138,37.938004],[-122.783244,37.951334],[-122.791739,37.969422],[-122.797405,37.976657],[-122.821383,37.996735],[-122.856573,38.016717],[-122.882114,38.025273],[-122.939711,38.031908],[-122.956811,38.02872],[-122.972378,38.020247],[-122.981776,38.009119],[-122.982386,38.004274],[-122.980147,38.000831],[-122.976764,37.99568],[-122.97439,37.992429],[-123.024066,37.994878],[-123.020562,37.999544],[-123.016303,38.001691],[-123.011533,38.003438],[-122.99242,38.041758],[-122.960889,38.112962],[-122.952086,38.138562],[-122.949074,38.15406],[-122.949626,38.164041],[-122.953629,38.17567],[-122.965408,38.187113],[-122.96637,38.198514],[-122.968112,38.202428],[-122.991953,38.233185],[-122.993959,38.237602],[-122.993235,38.239686],[-122.987149,38.237538],[-122.968569,38.242879],[-122.967203,38.250691],[-122.977082,38.267902],[-122.986319,38.273164],[-122.994603,38.283096],[-122.997106,38.289458],[-123.002911,38.295708],[-122.901726,38.316943],[-122.7399,38.207018],[-122.648986,38.181077],[-122.565093,38.182217],[-122.490727,38.109755]]]},"id":"06041"},{"type":"Feature","properties":{"GEO_ID":"0500000US06053","STATE":"06","COUNTY":"053","NAME":"Monterey","LSAD":"County","CENSUSAREA":3280.595},"geometry":{"type":"Polygon","coordinates":[[[-120.213979,35.789276],[-121.175695,35.794102],[-121.346363,35.795183],[-121.356737,35.804187],[-121.388053,35.823483],[-121.406823,35.844623],[-121.413146,35.855316],[-121.426955,35.860103],[-121.439584,35.86695],[-121.462264,35.885618],[-121.461227,35.896906],[-121.463452,35.904416],[-121.472435,35.91989],[-121.4862,35.970348],[-121.503112,36.000299],[-121.51159,36.006598],[-121.531876,36.014368],[-121.553716,36.019798],[-121.569612,36.021539],[-121.574602,36.025156],[-121.590395,36.050363],[-121.589183,36.053775],[-121.592853,36.065062],[-121.606845,36.072065],[-121.618672,36.087767],[-121.622009,36.099695],[-121.629634,36.114452],[-121.680145,36.165818],[-121.717176,36.195146],[-121.779851,36.227407],[-121.797059,36.234211],[-121.806979,36.232907],[-121.813734,36.234235],[-121.826425,36.24186],[-121.835785,36.250748],[-121.83935,36.260478],[-121.851967,36.277831],[-121.874797,36.289064],[-121.888491,36.30281],[-121.894714,36.317806],[-121.892917,36.340428],[-121.905446,36.358269],[-121.902669,36.363901],[-121.901813,36.381879],[-121.903195,36.393603],[-121.905657,36.398206],[-121.914378,36.404344],[-121.917463,36.414809],[-121.91474,36.42589],[-121.9255,36.453918],[-121.937205,36.472488],[-121.9416,36.485602],[-121.939216,36.496896],[-121.938763,36.506423],[-121.943678,36.511802],[-121.944666,36.521861],[-121.928769,36.523147],[-121.925937,36.525173],[-121.932508,36.559935],[-121.942533,36.566435],[-121.949659,36.567602],[-121.95146,36.564009],[-121.957335,36.564482],[-121.972594,36.57337],[-121.978592,36.580488],[-121.970427,36.582754],[-121.941666,36.618059],[-121.938551,36.633908],[-121.93643,36.636746],[-121.929666,36.636959],[-121.923866,36.634559],[-121.890164,36.609259],[-121.889064,36.601759],[-121.886764,36.601459],[-121.871364,36.604559],[-121.860604,36.611136],[-121.842263,36.630059],[-121.831995,36.644856],[-121.825052,36.657207],[-121.814462,36.682858],[-121.807062,36.714157],[-121.805643,36.750239],[-121.788278,36.803994],[-121.791544,36.815186],[-121.809363,36.848654],[-121.810552,36.850648],[-121.745288,36.909341],[-121.644001,36.893996],[-121.597698,36.83735],[-121.45134,36.724793],[-121.468086,36.685518],[-121.350092,36.648357],[-121.318373,36.610026],[-121.311788,36.502736],[-121.244091,36.506911],[-121.193465,36.445751],[-121.040797,36.323969],[-121.02724,36.259893],[-120.920551,36.311012],[-120.86508,36.292578],[-120.761483,36.20358],[-120.718169,36.196848],[-120.75834,36.308604],[-120.678582,36.267319],[-120.62691,36.203227],[-120.648784,36.10799],[-120.315068,35.907186],[-120.243275,35.877669],[-120.213979,35.789276]]]},"id":"06053"},{"type":"Feature","properties":{"GEO_ID":"0500000US06061","STATE":"06","COUNTY":"061","NAME":"Placer","LSAD":"County","CENSUSAREA":1407.009},"geometry":{"type":"Polygon","coordinates":[[[-120.005318,39.316479],[-120.00532,39.31635],[-120.005413,39.313848],[-120.005414,39.313345],[-120.005743,39.228664],[-120.005746,39.22521],[-120.004504,39.165599],[-120.003402,39.112687],[-120.002461,39.067489],[-120.143663,39.067285],[-120.184098,39.031014],[-120.43524,39.028397],[-120.470985,38.965507],[-120.556321,38.915164],[-120.642458,38.944404],[-120.746395,39.010352],[-121.040406,38.915651],[-121.141009,38.71198],[-121.151857,38.711502],[-121.188571,38.714308],[-121.242795,38.718241],[-121.484396,38.734598],[-121.469356,38.925992],[-121.414885,38.996429],[-121.279533,39.034618],[-121.137397,39.037858],[-121.068788,39.005177],[-120.986348,39.102234],[-120.857909,39.206235],[-120.691606,39.303981],[-120.645795,39.315155],[-120.005318,39.316479]]]},"id":"06061"},{"type":"Feature","properties":{"GEO_ID":"0500000US06019","STATE":"06","COUNTY":"019","NAME":"Fresno","LSAD":"County","CENSUSAREA":5957.991},"geometry":{"type":"Polygon","coordinates":[[[-119.573194,36.488835],[-119.66629,36.41896],[-119.905119,36.401741],[-119.959227,36.400975],[-119.95921,36.181403],[-120.315068,35.907186],[-120.648784,36.10799],[-120.62691,36.203227],[-120.678582,36.267319],[-120.596562,36.328488],[-120.603706,36.488242],[-120.918731,36.740381],[-120.65595,36.952832],[-120.590566,36.952641],[-120.541696,37.044505],[-120.422187,36.840139],[-120.229179,36.769687],[-120.132898,36.809841],[-120.079458,36.825345],[-120.027775,36.814505],[-120.013334,36.828228],[-119.932551,36.84299],[-119.823421,36.848333],[-119.733852,36.948558],[-119.537677,37.104019],[-119.559412,37.143619],[-119.470844,37.110548],[-119.43306,37.161516],[-119.361916,37.167849],[-119.330573,37.205791],[-119.335189,37.310774],[-119.286658,37.374943],[-119.022363,37.585737],[-118.775014,37.463052],[-118.786736,37.34338],[-118.716016,37.328208],[-118.665167,37.261009],[-118.654593,37.141826],[-118.437137,37.059818],[-118.360586,36.744773],[-118.982441,36.741646],[-118.984779,36.657147],[-119.304625,36.660606],[-119.305102,36.573725],[-119.466322,36.575238],[-119.573194,36.488835]]]},"id":"06019"},{"type":"Feature","properties":{"GEO_ID":"0500000US06023","STATE":"06","COUNTY":"023","NAME":"Humboldt","LSAD":"County","CENSUSAREA":3567.987},"geometry":{"type":"Polygon","coordinates":[[[-123.544458,40.001923],[-124.023938,40.001284],[-124.035904,40.013319],[-124.056408,40.024305],[-124.065069,40.024785],[-124.068908,40.021307],[-124.072509,40.022657],[-124.079983,40.029773],[-124.080709,40.06611],[-124.087086,40.078442],[-124.110549,40.103765],[-124.139952,40.11635],[-124.170767,40.124207],[-124.187874,40.130542],[-124.214895,40.160902],[-124.231095,40.171581],[-124.258405,40.184277],[-124.296497,40.208816],[-124.320912,40.226617],[-124.327691,40.23737],[-124.34307,40.243979],[-124.352715,40.250453],[-124.363414,40.260974],[-124.363634,40.276212],[-124.347853,40.314634],[-124.353124,40.331425],[-124.356595,40.335016],[-124.362796,40.350046],[-124.365357,40.374855],[-124.373599,40.392923],[-124.379082,40.398828],[-124.391496,40.407047],[-124.402623,40.422105],[-124.409591,40.438076],[-124.408601,40.443201],[-124.396642,40.462119],[-124.38494,40.48982],[-124.383224,40.499852],[-124.387023,40.504954],[-124.382816,40.519],[-124.379096,40.522865],[-124.363545,40.548698],[-124.329404,40.61643],[-124.315141,40.639526],[-124.312558,40.641333],[-124.289119,40.67963],[-124.248406,40.735166],[-124.228244,40.76939],[-124.201921,40.805111],[-124.176715,40.843618],[-124.158322,40.876069],[-124.137066,40.925732],[-124.118147,40.989263],[-124.112165,41.028173],[-124.125448,41.048504],[-124.132946,41.052482],[-124.138217,41.054342],[-124.142867,41.054032],[-124.147216,41.052884],[-124.148939,41.051467],[-124.151266,41.051101],[-124.153622,41.05355],[-124.154028,41.059923],[-124.154513,41.087159],[-124.160556,41.099011],[-124.159065,41.121957],[-124.165414,41.129822],[-124.163988,41.138675],[-124.158539,41.143021],[-124.149674,41.140845],[-124.1438,41.144686],[-124.122677,41.189726],[-124.106986,41.229678],[-124.106389,41.240682],[-124.092284,41.287695],[-124.079015,41.347135],[-124.072294,41.374844],[-124.063076,41.439579],[-124.065521,41.464739],[-123.770551,41.464193],[-123.770239,41.380776],[-123.661363,41.38209],[-123.474085,41.366193],[-123.408291,41.179944],[-123.481457,40.914957],[-123.560163,40.950257],[-123.623826,40.929421],[-123.55985,40.829584],[-123.544059,40.739386],[-123.544458,40.001923]]]},"id":"06023"},{"type":"Feature","properties":{"GEO_ID":"0500000US06035","STATE":"06","COUNTY":"035","NAME":"Lassen","LSAD":"County","CENSUSAREA":4541.184},"geometry":{"type":"Polygon","coordinates":[[[-120.001319,39.72242],[-120.001319,39.722416],[-120.147149,39.707658],[-120.110627,39.765779],[-120.108761,39.93951],[-120.201264,40.013474],[-120.209641,40.086008],[-120.341385,40.115243],[-120.445892,40.176854],[-120.510817,40.248945],[-120.652158,40.307656],[-120.764403,40.31601],[-120.928582,40.191931],[-121.061493,40.256417],[-121.061417,40.446536],[-121.327826,40.445367],[-121.319972,40.905886],[-121.331786,41.183886],[-119.999866,41.183974],[-119.999358,40.873101],[-119.999232,40.867454],[-119.999231,40.865899],[-119.995926,40.499901],[-119.996155,40.321838],[-119.996155,40.32125],[-119.996182,40.263532],[-119.996183,40.262461],[-119.997124,40.126363],[-119.997234,40.091591],[-119.997175,40.077245],[-119.997291,40.071803],[-120.000607,39.780779],[-120.000502,39.779956],[-120.001319,39.72242]]]},"id":"06035"},{"type":"Feature","properties":{"GEO_ID":"0500000US06037","STATE":"06","COUNTY":"037","NAME":"Los Angeles","LSAD":"County","CENSUSAREA":4057.884},"geometry":{"type":"MultiPolygon","coordinates":[[[[-118.524531,32.895488],[-118.535823,32.90628],[-118.551134,32.945155],[-118.560887,32.957891],[-118.573522,32.969183],[-118.586928,33.008281],[-118.596037,33.015357],[-118.606559,33.01469],[-118.605534,33.030999],[-118.594033,33.035951],[-118.57516,33.033961],[-118.569013,33.029151],[-118.564445,33.024914],[-118.564527,33.018637],[-118.559171,33.006291],[-118.540069,32.980933],[-118.529228,32.970921],[-118.496811,32.933847],[-118.485288,32.923545],[-118.479039,32.920363],[-118.460623,32.90951],[-118.446771,32.895424],[-118.369984,32.839273],[-118.353504,32.821962],[-118.356541,32.817311],[-118.36053,32.819921],[-118.379968,32.824545],[-118.387375,32.825327],[-118.394565,32.823978],[-118.401268,32.820338],[-118.425634,32.800595],[-118.42943,32.805429],[-118.428372,32.806872],[-118.44492,32.820593],[-118.476074,32.841754],[-118.487908,32.84459],[-118.496298,32.851572],[-118.506902,32.868503],[-118.508095,32.871321],[-118.507193,32.876264],[-118.524641,32.893175],[-118.524531,32.895488]]],[[[-118.500212,33.449592],[-118.499669,33.447879],[-118.48557,33.446213],[-118.477646,33.448392],[-118.445812,33.428907],[-118.423576,33.427258],[-118.382037,33.409883],[-118.370323,33.409285],[-118.368301,33.40711],[-118.365094,33.388374],[-118.32446,33.348782],[-118.316083,33.342928],[-118.310213,33.335795],[-118.303174,33.320264],[-118.305084,33.310323],[-118.316787,33.301137],[-118.325244,33.299075],[-118.343249,33.305234],[-118.360332,33.31533],[-118.374768,33.320065],[-118.402941,33.320901],[-118.440047,33.318638],[-118.456309,33.32182],[-118.465368,33.326056],[-118.481886,33.344123],[-118.48877,33.356649],[-118.482609,33.369914],[-118.478465,33.38632],[-118.484949,33.412131],[-118.48875,33.419826],[-118.503952,33.424234],[-118.515914,33.422417],[-118.516267,33.425075],[-118.52323,33.430733],[-118.53738,33.434608],[-118.558715,33.433419],[-118.563442,33.434381],[-118.570927,33.439351],[-118.575901,33.448261],[-118.593969,33.467198],[-118.601185,33.469853],[-118.60403,33.47654],[-118.603375,33.478098],[-118.598783,33.477939],[-118.585936,33.473819],[-118.54453,33.474119],[-118.530702,33.468071],[-118.500212,33.449592]]],[[[-118.796692,34.616559],[-118.881364,34.790629],[-118.854253,34.817772],[-118.140074,34.82078],[-117.667292,34.822526],[-117.658798,34.44058],[-117.650459,34.339025],[-117.711067,34.079536],[-117.719481,34.059731],[-117.72601,34.041128],[-117.735846,34.018554],[-117.767752,34.019429],[-117.783287,33.946411],[-117.97653,33.928034],[-117.976498,33.919171],[-117.976571,33.911205],[-117.976692,33.910614],[-117.976588,33.909757],[-117.976586,33.906225],[-118.063268,33.82422],[-118.063162,33.81961],[-118.072597,33.815115],[-118.084597,33.803216],[-118.093008,33.786289],[-118.099107,33.776518],[-118.09197,33.758472],[-118.116703,33.743549],[-118.132698,33.753217],[-118.1569,33.760317],[-118.1755,33.763617],[-118.180831,33.763072],[-118.187701,33.749218],[-118.1837,33.736118],[-118.181367,33.717367],[-118.207476,33.716905],[-118.258687,33.703741],[-118.277208,33.707091],[-118.297104,33.708319],[-118.317205,33.712818],[-118.354705,33.732317],[-118.360505,33.736817],[-118.385006,33.741417],[-118.396606,33.735917],[-118.411211,33.741985],[-118.428407,33.774715],[-118.423407,33.782015],[-118.405007,33.800215],[-118.394376,33.804289],[-118.394307,33.804315],[-118.391507,33.815415],[-118.392107,33.840915],[-118.412708,33.883913],[-118.44241,33.940312],[-118.460611,33.969111],[-118.482729,33.995912],[-118.484212,33.99771],[-118.502813,34.015509],[-118.519514,34.027509],[-118.543115,34.038508],[-118.569235,34.04164],[-118.603572,34.039048],[-118.609652,34.036424],[-118.668358,34.038887],[-118.67543,34.037479],[-118.679366,34.033255],[-118.706215,34.029383],[-118.732391,34.032743],[-118.744952,34.032103],[-118.783433,34.021543],[-118.787094,34.019545],[-118.805114,34.001239],[-118.821579,34.013959],[-118.84038,34.027527],[-118.854653,34.034215],[-118.896159,34.039207],[-118.928048,34.045847],[-118.938081,34.043383],[-118.944887,34.04534],[-118.940965,34.07483],[-118.788889,34.168214],[-118.668152,34.168195],[-118.633473,34.269626],[-118.636789,34.291804],[-118.650859,34.320484],[-118.796692,34.616559]]]]},"id":"06037"},{"type":"Feature","properties":{"GEO_ID":"0500000US46015","STATE":"46","COUNTY":"015","NAME":"Brule","LSAD":"County","CENSUSAREA":817.24},"geometry":{"type":"Polygon","coordinates":[[[-98.926997,43.935143],[-98.807771,43.935223],[-98.794588,43.499187],[-99.297882,43.499856],[-99.375378,43.656869],[-99.458809,43.6558],[-99.41015,43.774619],[-99.310826,43.855216],[-99.355864,43.934371],[-99.350695,43.933752],[-98.926997,43.935143]]]},"id":"46015"},{"type":"Feature","properties":{"GEO_ID":"0500000US46025","STATE":"46","COUNTY":"025","NAME":"Clark","LSAD":"County","CENSUSAREA":957.604},"geometry":{"type":"Polygon","coordinates":[[[-97.491346,44.804035],[-97.492266,44.543884],[-97.853028,44.544398],[-97.856226,44.631178],[-97.977791,44.631602],[-97.981792,45.153295],[-97.494254,45.151631],[-97.491346,44.804035]]]},"id":"46025"},{"type":"Feature","properties":{"GEO_ID":"0500000US46037","STATE":"46","COUNTY":"037","NAME":"Day","LSAD":"County","CENSUSAREA":1027.868},"geometry":{"type":"Polygon","coordinates":[[[-97.981457,45.240415],[-97.979592,45.588483],[-97.373366,45.587634],[-97.227089,45.558158],[-97.226244,45.297647],[-97.226281,45.151826],[-97.494254,45.151631],[-97.981792,45.153295],[-97.981641,45.170965],[-97.981511,45.172156],[-97.981457,45.240415]]]},"id":"46037"},{"type":"Feature","properties":{"GEO_ID":"0500000US46049","STATE":"46","COUNTY":"049","NAME":"Faulk","LSAD":"County","CENSUSAREA":981.75},"geometry":{"type":"Polygon","coordinates":[[[-99.311754,44.897227],[-99.572699,44.897263],[-99.573445,45.245364],[-98.722481,45.243764],[-98.717759,45.243732],[-98.716498,44.896925],[-99.311754,44.897227]]]},"id":"46049"},{"type":"Feature","properties":{"GEO_ID":"0500000US46057","STATE":"46","COUNTY":"057","NAME":"Hamlin","LSAD":"County","CENSUSAREA":507.231},"geometry":{"type":"Polygon","coordinates":[[[-97.492266,44.543884],[-97.491346,44.804035],[-96.88457,44.804436],[-96.885504,44.543773],[-97.128024,44.543126],[-97.492266,44.543884]]]},"id":"46057"},{"type":"Feature","properties":{"GEO_ID":"0500000US46067","STATE":"46","COUNTY":"067","NAME":"Hutchinson","LSAD":"County","CENSUSAREA":812.904},"geometry":{"type":"Polygon","coordinates":[[[-98.077108,43.16833],[-98.069044,43.184887],[-98.109492,43.196838],[-98.113196,43.484439],[-98.114758,43.498297],[-97.965012,43.49904],[-97.607012,43.499826],[-97.40145,43.499783],[-97.399191,43.169419],[-97.637496,43.16877],[-98.077108,43.16833]]]},"id":"46067"},{"type":"Feature","properties":{"GEO_ID":"0500000US46077","STATE":"46","COUNTY":"077","NAME":"Kingsbury","LSAD":"County","CENSUSAREA":832.236},"geometry":{"type":"Polygon","coordinates":[[[-97.370115,44.194971],[-97.849492,44.195235],[-97.85315,44.19522],[-97.85366,44.195233],[-97.853206,44.543254],[-97.853028,44.544398],[-97.492266,44.543884],[-97.128024,44.543126],[-97.129671,44.195933],[-97.370115,44.194971]]]},"id":"46077"},{"type":"Feature","properties":{"GEO_ID":"0500000US30007","STATE":"30","COUNTY":"007","NAME":"Broadwater","LSAD":"County","CENSUSAREA":1192.541},"geometry":{"type":"Polygon","coordinates":[[[-111.659995,45.833512],[-111.660441,46.049449],[-111.784333,46.050004],[-111.787875,46.568998],[-111.631643,46.569108],[-111.639261,46.73818],[-111.497961,46.762469],[-111.412842,46.646878],[-111.330541,46.633458],[-111.34497,46.545832],[-111.276801,46.516821],[-111.246288,46.437997],[-111.126362,46.441322],[-111.057211,46.40345],[-111.12707,46.273754],[-111.06256,46.192897],[-111.34646,46.188102],[-111.415802,46.001785],[-111.659995,45.833512]]]},"id":"30007"},{"type":"Feature","properties":{"GEO_ID":"0500000US30021","STATE":"30","COUNTY":"021","NAME":"Dawson","LSAD":"County","CENSUSAREA":2371.865},"geometry":{"type":"Polygon","coordinates":[[[-104.603766,46.86088],[-105.027522,46.86149],[-105.069484,46.919128],[-105.196945,46.919179],[-105.196735,46.977172],[-105.324898,46.977161],[-105.324817,47.181586],[-105.406237,47.181563],[-105.406511,47.529214],[-105.363449,47.5294],[-105.362992,47.79042],[-105.234619,47.79076],[-105.23488,47.703634],[-104.978,47.703374],[-104.978516,47.616288],[-104.59363,47.615951],[-104.593811,47.528966],[-104.512883,47.529252],[-104.513279,47.354718],[-104.420263,47.354596],[-104.451518,47.318417],[-104.341603,47.245598],[-104.305564,47.042311],[-104.369228,46.947439],[-104.496529,46.86091],[-104.603766,46.86088]]]},"id":"30021"},{"type":"Feature","properties":{"GEO_ID":"0500000US30031","STATE":"30","COUNTY":"031","NAME":"Gallatin","LSAD":"County","CENSUSAREA":2602.689},"geometry":{"type":"Polygon","coordinates":[[[-111.044275,45.001345],[-111.056207,44.935901],[-111.055629,44.933578],[-111.056888,44.866658],[-111.055495,44.666262],[-111.055208,44.624927],[-111.048974,44.474072],[-111.106574,44.48633],[-111.122654,44.493659],[-111.131379,44.499925],[-111.139455,44.517112],[-111.219236,44.622616],[-111.323669,44.724474],[-111.377682,44.751744],[-111.351346,45.641938],[-111.536614,45.642131],[-111.536816,45.656736],[-111.805134,45.798018],[-111.659995,45.833512],[-111.415802,46.001785],[-111.34646,46.188102],[-111.06256,46.192897],[-110.790022,46.192567],[-110.783982,46.192408],[-110.790447,46.142024],[-110.794977,45.590289],[-110.857054,45.590872],[-110.858228,45.525089],[-110.919212,45.525338],[-110.917661,45.351328],[-111.038168,45.351174],[-111.044275,45.001345]]]},"id":"30031"},{"type":"Feature","properties":{"GEO_ID":"0500000US46091","STATE":"46","COUNTY":"091","NAME":"Marshall","LSAD":"County","CENSUSAREA":838.066},"geometry":{"type":"Polygon","coordinates":[[[-97.978778,45.935937],[-97.958718,45.935878],[-97.784575,45.935327],[-97.77704,45.935393],[-97.696691,45.935352],[-97.542598,45.935258],[-97.519035,45.935304],[-97.518944,45.935304],[-97.491892,45.935111],[-97.481967,45.935138],[-97.318899,45.935054],[-97.312184,45.935077],[-97.228323,45.935141],[-97.228304,45.935141],[-97.227089,45.558158],[-97.373366,45.587634],[-97.979592,45.588483],[-97.978778,45.935937]]]},"id":"46091"},{"type":"Feature","properties":{"GEO_ID":"0500000US46107","STATE":"46","COUNTY":"107","NAME":"Potter","LSAD":"County","CENSUSAREA":861.14},"geometry":{"type":"Polygon","coordinates":[[[-99.67305,44.897492],[-100.404753,44.897695],[-100.391818,45.026006],[-100.280344,45.018409],[-100.325451,45.099337],[-100.260223,45.24681],[-99.708987,45.245866],[-99.573445,45.245364],[-99.572699,44.897263],[-99.67305,44.897492]]]},"id":"46107"},{"type":"Feature","properties":{"GEO_ID":"0500000US46119","STATE":"46","COUNTY":"119","NAME":"Sully","LSAD":"County","CENSUSAREA":1006.817},"geometry":{"type":"Polygon","coordinates":[[[-99.676398,44.548111],[-100.526498,44.547422],[-100.640061,44.583723],[-100.613805,44.707135],[-100.717644,44.77093],[-100.676387,44.823162],[-100.543484,44.761087],[-100.418682,44.843366],[-100.404753,44.897695],[-99.67305,44.897492],[-99.676398,44.548111]]]},"id":"46119"},{"type":"Feature","properties":{"GEO_ID":"0500000US46129","STATE":"46","COUNTY":"129","NAME":"Walworth","LSAD":"County","CENSUSAREA":708.63},"geometry":{"type":"Polygon","coordinates":[[[-100.260223,45.24681],[-100.316659,45.317904],[-100.274176,45.381845],[-100.341924,45.472904],[-100.486561,45.536521],[-100.430079,45.594823],[-99.717466,45.593428],[-99.707705,45.593391],[-99.708987,45.245866],[-100.260223,45.24681]]]},"id":"46129"},{"type":"Feature","properties":{"GEO_ID":"0500000US06067","STATE":"06","COUNTY":"067","NAME":"Sacramento","LSAD":"County","CENSUSAREA":964.644},"geometry":{"type":"Polygon","coordinates":[[[-121.242795,38.718241],[-121.188571,38.714308],[-121.151857,38.711502],[-121.141009,38.71198],[-121.133264,38.705427],[-121.118617,38.717118],[-121.027507,38.508292],[-121.027084,38.300252],[-121.344024,38.22826],[-121.484317,38.241509],[-121.580022,38.094414],[-121.679265,38.089319],[-121.737824,38.02663],[-121.862462,38.06603],[-121.713926,38.084542],[-121.688233,38.145421],[-121.602763,38.230219],[-121.603208,38.237283],[-121.602121,38.241674],[-121.601993,38.252426],[-121.600249,38.257817],[-121.60401,38.270103],[-121.60073,38.278375],[-121.605258,38.295352],[-121.593273,38.313089],[-121.521641,38.360104],[-121.504139,38.466563],[-121.538766,38.474707],[-121.559167,38.498007],[-121.51129,38.54629],[-121.520965,38.566205],[-121.506269,38.586305],[-121.527667,38.604604],[-121.549869,38.599405],[-121.576068,38.648604],[-121.594069,38.644106],[-121.62576,38.673133],[-121.630446,38.697571],[-121.605774,38.718319],[-121.602894,38.735838],[-121.521767,38.736401],[-121.484396,38.734598],[-121.242795,38.718241]]]},"id":"06067"},{"type":"Feature","properties":{"GEO_ID":"0500000US06071","STATE":"06","COUNTY":"071","NAME":"San Bernardino","LSAD":"County","CENSUSAREA":20056.938},"geometry":{"type":"Polygon","coordinates":[[[-115.648029,35.809629],[-115.647683,35.809358],[-115.647202,35.808995],[-115.406079,35.618613],[-115.404537,35.617605],[-115.393996,35.609344],[-115.391535,35.607271],[-115.388866,35.605171],[-115.303743,35.538207],[-115.271342,35.51266],[-115.225273,35.475907],[-115.160599,35.424313],[-115.160068,35.424129],[-115.146788,35.413662],[-115.145813,35.413182],[-114.92548,35.237054],[-114.925381,35.237039],[-114.80503,35.140284],[-114.804249,35.139689],[-114.633013,35.002085],[-114.62919,34.991887],[-114.629015,34.986148],[-114.630877,34.907263],[-114.636725,34.889107],[-114.635176,34.875003],[-114.633051,34.869971],[-114.552682,34.766871],[-114.465607,34.69226],[-114.452547,34.653494],[-114.339627,34.451435],[-114.264317,34.401329],[-114.199482,34.361373],[-114.176909,34.349306],[-114.138282,34.30323],[-114.131489,34.260387],[-114.133264,34.258462],[-114.164476,34.251667],[-114.225861,34.201774],[-114.244191,34.179625],[-114.312592,34.144453],[-114.321618,34.138093],[-114.366521,34.118575],[-114.390565,34.110084],[-114.401352,34.111652],[-114.411681,34.110031],[-114.420499,34.103466],[-114.43338,34.088413],[-114.435429,34.079727],[-115.316065,34.077843],[-115.316212,34.03411],[-116.457775,34.032881],[-116.929558,34.034113],[-116.929357,34.004914],[-117.225372,34.004314],[-117.284475,34.019015],[-117.336161,34.019378],[-117.558312,34.033451],[-117.600066,33.975316],[-117.673749,33.870831],[-117.680289,33.877412],[-117.783287,33.946411],[-117.767752,34.019429],[-117.735846,34.018554],[-117.72601,34.041128],[-117.719481,34.059731],[-117.711067,34.079536],[-117.650459,34.339025],[-117.658798,34.44058],[-117.667292,34.822526],[-117.632011,34.82227],[-117.630126,35.564071],[-117.616195,35.680856],[-117.651986,35.709934],[-117.632996,35.797251],[-115.735891,35.79362],[-115.735745,35.809097],[-115.648925,35.809128],[-115.648029,35.809629]]]},"id":"06071"},{"type":"Feature","properties":{"GEO_ID":"0500000US06111","STATE":"06","COUNTY":"111","NAME":"Ventura","LSAD":"County","CENSUSAREA":1843.133},"geometry":{"type":"MultiPolygon","coordinates":[[[[-119.543842,33.280329],[-119.532941,33.284728],[-119.528141,33.284929],[-119.50504,33.272829],[-119.48278,33.263973],[-119.465717,33.259239],[-119.458466,33.254661],[-119.429559,33.228167],[-119.444269,33.21919],[-119.464725,33.215432],[-119.476029,33.21552],[-119.500684,33.220569],[-119.511659,33.223027],[-119.517514,33.226737],[-119.545872,33.233406],[-119.564971,33.24744],[-119.565641,33.250029],[-119.566014,33.252639],[-119.570642,33.257729],[-119.578942,33.278628],[-119.562042,33.271129],[-119.555242,33.273429],[-119.547642,33.280328],[-119.543842,33.280329]]],[[[-119.422972,34.004368],[-119.427589,34.006445],[-119.437734,34.01],[-119.441116,34.012426],[-119.441226,34.014075],[-119.433912,34.015975],[-119.421376,34.015012],[-119.411317,34.008005],[-119.396251,34.005918],[-119.389983,34.006099],[-119.366591,34.016785],[-119.357462,34.015919],[-119.376396,34.010551],[-119.391551,34.002505],[-119.414528,34.004994],[-119.422972,34.004368]]],[[[-118.881364,34.790629],[-118.796692,34.616559],[-118.650859,34.320484],[-118.636789,34.291804],[-118.633473,34.269626],[-118.668152,34.168195],[-118.788889,34.168214],[-118.940965,34.07483],[-118.944887,34.04534],[-118.954722,34.048167],[-118.977751,34.059822],[-118.99698,34.065943],[-119.004644,34.066231],[-119.037494,34.083111],[-119.069959,34.09047],[-119.088536,34.09831],[-119.098216,34.099334],[-119.109784,34.094566],[-119.130169,34.100102],[-119.159554,34.119653],[-119.18864,34.139005],[-119.20314,34.144505],[-119.211241,34.144905],[-119.216441,34.146105],[-119.227743,34.161728],[-119.237142,34.175804],[-119.257043,34.213304],[-119.265927,34.234609],[-119.270144,34.252903],[-119.278644,34.266902],[-119.290945,34.274902],[-119.302131,34.272761],[-119.313034,34.275689],[-119.337475,34.290576],[-119.349187,34.304383],[-119.370356,34.319486],[-119.37578,34.321118],[-119.388249,34.317398],[-119.390449,34.318198],[-119.42777,34.353016],[-119.431066,34.355297],[-119.435888,34.355839],[-119.461036,34.374064],[-119.472678,34.375628],[-119.478265,34.377197],[-119.473793,34.379115],[-119.472481,34.38383],[-119.454101,34.395568],[-119.445411,34.408881],[-119.454277,34.418166],[-119.453423,34.42861],[-119.444717,34.42951],[-119.440414,34.441842],[-119.442278,34.465509],[-119.442352,34.901274],[-119.276946,34.879675],[-119.243645,34.814178],[-118.976721,34.812199],[-118.881364,34.790629]]]]},"id":"06111"},{"type":"Feature","properties":{"GEO_ID":"0500000US30047","STATE":"30","COUNTY":"047","NAME":"Lake","LSAD":"County","CENSUSAREA":1490.15},"geometry":{"type":"Polygon","coordinates":[[[-114.187383,47.138192],[-114.203293,47.355899],[-114.288557,47.355875],[-114.35308,47.38985],[-114.301457,47.49705],[-114.383453,47.483254],[-114.321479,47.595551],[-114.58329,47.60168],[-114.604326,47.789744],[-114.477186,47.789841],[-114.491992,47.961906],[-114.038545,47.96255],[-114.078146,48.023454],[-114.028314,48.051911],[-113.885757,48.051129],[-113.841867,47.978185],[-113.747738,47.953079],[-113.667442,47.890291],[-113.681245,47.794662],[-113.604004,47.72153],[-113.633957,47.599861],[-113.948763,47.600517],[-113.929999,47.598483],[-113.914926,47.500299],[-113.951187,47.476007],[-113.870895,47.392118],[-113.886455,47.318622],[-113.821126,47.268599],[-113.821994,47.181622],[-114.187383,47.138192]]]},"id":"30047"},{"type":"Feature","properties":{"GEO_ID":"0500000US34027","STATE":"34","COUNTY":"027","NAME":"Morris","LSAD":"County","CENSUSAREA":460.177},"geometry":{"type":"Polygon","coordinates":[[[-74.767874,40.911823],[-74.65303,40.921623],[-74.536002,41.058497],[-74.504928,41.084805],[-74.502892,41.085904],[-74.334605,41.003719],[-74.315226,41.001991],[-74.309838,40.998484],[-74.300327,41.002743],[-74.270702,40.89692],[-74.334316,40.905302],[-74.371923,40.739229],[-74.461231,40.673397],[-74.47002,40.667934],[-74.484289,40.666065],[-74.484118,40.663387],[-74.503863,40.659627],[-74.510502,40.650295],[-74.523627,40.649702],[-74.534387,40.667256],[-74.513608,40.697339],[-74.526846,40.710872],[-74.528827,40.728133],[-74.548999,40.740994],[-74.555771,40.758005],[-74.724418,40.719455],[-74.889753,40.787832],[-74.767874,40.911823]]]},"id":"34027"},{"type":"Feature","properties":{"GEO_ID":"0500000US34037","STATE":"34","COUNTY":"037","NAME":"Sussex","LSAD":"County","CENSUSAREA":519.014},"geometry":{"type":"Polygon","coordinates":[[[-74.969434,41.096074],[-74.974338,41.103912],[-74.923169,41.138146],[-74.882139,41.180836],[-74.867287,41.208754],[-74.864356,41.224854],[-74.867267,41.228861],[-74.861678,41.241575],[-74.838366,41.277286],[-74.830057,41.2872],[-74.795847,41.318951],[-74.76173,41.336398],[-74.694914,41.357423],[-74.457584,41.248225],[-74.392098,41.215594],[-74.365664,41.2034],[-74.365897,41.202894],[-74.502892,41.085904],[-74.504928,41.084805],[-74.536002,41.058497],[-74.65303,40.921623],[-74.767874,40.911823],[-74.78921,40.931298],[-74.966349,41.094003],[-74.967389,41.094049],[-74.969434,41.096074]]]},"id":"34037"},{"type":"Feature","properties":{"GEO_ID":"0500000US35011","STATE":"35","COUNTY":"011","NAME":"De Baca","LSAD":"County","CENSUSAREA":2322.623},"geometry":{"type":"Polygon","coordinates":[[[-103.948839,34.605058],[-103.945949,34.082784],[-104.155841,34.08332],[-104.156269,33.995413],[-104.785964,34.000057],[-104.786238,34.087763],[-104.893141,34.088304],[-104.89185,34.346989],[-104.892023,34.604426],[-104.444913,34.604821],[-104.340132,34.779062],[-104.129424,34.779324],[-104.12888,34.60522],[-103.948839,34.605058]]]},"id":"35011"},{"type":"Feature","properties":{"GEO_ID":"0500000US30049","STATE":"30","COUNTY":"049","NAME":"Lewis and Clark","LSAD":"County","CENSUSAREA":3458.828},"geometry":{"type":"Polygon","coordinates":[[[-112.31061,46.421006],[-112.298607,46.625918],[-112.410855,46.656711],[-112.41079,46.699696],[-112.535313,46.698527],[-112.535608,46.834382],[-112.79532,46.831772],[-112.796594,47.177222],[-113.058866,47.179369],[-113.059444,47.488096],[-113.114863,47.490564],[-113.144926,47.596363],[-113.165906,47.720729],[-113.080938,47.749885],[-113.08667,47.918109],[-112.984705,47.953982],[-112.913256,47.826216],[-112.91422,47.694958],[-112.818574,47.607849],[-112.55231,47.652231],[-112.278406,47.505955],[-112.047308,47.516028],[-112.044923,47.19271],[-111.789326,47.128993],[-111.790092,46.91393],[-111.658131,46.913364],[-111.645393,46.841937],[-111.497961,46.762469],[-111.639261,46.73818],[-111.631643,46.569108],[-111.787875,46.568998],[-112.029312,46.569096],[-112.188399,46.499211],[-112.17579,46.456606],[-112.31061,46.421006]]]},"id":"30049"},{"type":"Feature","properties":{"GEO_ID":"0500000US30053","STATE":"30","COUNTY":"053","NAME":"Lincoln","LSAD":"County","CENSUSAREA":3612.916},"geometry":{"type":"Polygon","coordinates":[[[-116.049353,48.21546],[-116.049226,48.502058],[-116.049023,48.957947],[-116.049025,48.958351],[-116.049193,49.000912],[-115.251126,48.999557],[-114.728125,49.000623],[-114.691742,48.842091],[-114.73248,48.809234],[-114.611925,48.751888],[-114.692445,48.680372],[-114.639014,48.658959],[-114.888676,48.65849],[-114.888446,48.573612],[-114.849699,48.573549],[-114.847946,48.226159],[-115.020079,48.225954],[-115.010806,48.017256],[-115.154475,48.017703],[-115.185098,47.919079],[-115.278707,47.890261],[-115.525428,47.908957],[-115.537646,47.981705],[-115.63693,48.074611],[-115.671869,48.206171],[-115.737709,48.263009],[-115.799976,48.222967],[-116.007724,48.158901],[-116.049353,48.21546]]]},"id":"30053"},{"type":"Feature","properties":{"GEO_ID":"0500000US30075","STATE":"30","COUNTY":"075","NAME":"Powder River","LSAD":"County","CENSUSAREA":3297.298},"geometry":{"type":"Polygon","coordinates":[[[-105.038405,45.000345],[-105.076607,45.000347],[-105.848065,45.000396],[-105.918995,44.997771],[-105.928184,44.993647],[-106.024814,44.993688],[-106.263586,44.993788],[-106.263682,45.179792],[-106.279682,45.179892],[-106.279478,45.351796],[-106.235575,45.351796],[-106.234263,45.788401],[-106.191861,45.7886],[-104.982036,45.787009],[-104.987143,45.352023],[-105.038235,45.352052],[-105.038405,45.000345]]]},"id":"30075"},{"type":"Feature","properties":{"GEO_ID":"0500000US30085","STATE":"30","COUNTY":"085","NAME":"Roosevelt","LSAD":"County","CENSUSAREA":2354.793},"geometry":{"type":"Polygon","coordinates":[[[-104.046913,48.389429],[-104.046654,48.374773],[-104.046371,48.374154],[-104.046332,48.34229],[-104.046039,48.256761],[-104.045861,48.255097],[-104.045645,48.246179],[-104.045729,48.244586],[-104.045692,48.241415],[-104.04556,48.193913],[-104.045424,48.192473],[-104.045498,48.176249],[-104.045399,48.16439],[-104.04412,47.996107],[-104.098921,48.000019],[-104.14247,48.055005],[-104.245936,48.031005],[-104.544517,48.126553],[-104.681633,48.103323],[-104.822581,48.118945],[-104.891321,48.15069],[-104.990346,48.066449],[-105.119117,48.0596],[-105.177722,48.1031],[-105.194742,48.065669],[-105.2282,48.09239],[-105.498036,48.097903],[-105.647941,48.077304],[-105.843797,48.010314],[-105.843462,48.21903],[-105.804345,48.219179],[-105.804432,48.563318],[-104.973354,48.56319],[-104.757595,48.563122],[-104.757861,48.476556],[-104.62771,48.476349],[-104.628048,48.389239],[-104.046913,48.389429]]]},"id":"30085"},{"type":"Feature","properties":{"GEO_ID":"0500000US06001","STATE":"06","COUNTY":"001","NAME":"Alameda","LSAD":"County","CENSUSAREA":739.017},"geometry":{"type":"Polygon","coordinates":[[[-121.855762,37.484537],[-122.045271,37.460276],[-122.052648,37.459656],[-122.081473,37.477838],[-122.109574,37.497637],[-122.116112,37.505386],[-122.111344,37.50758],[-122.111998,37.528851],[-122.128688,37.560594],[-122.133924,37.562885],[-122.137524,37.567467],[-122.144396,37.581866],[-122.147014,37.588411],[-122.145378,37.600846],[-122.14636,37.607391],[-122.152905,37.640771],[-122.163049,37.667933],[-122.170904,37.676114],[-122.179085,37.680041],[-122.197411,37.692804],[-122.203971,37.697769],[-122.213774,37.698695],[-122.221628,37.705567],[-122.246826,37.72193],[-122.255989,37.735674],[-122.257953,37.739601],[-122.257134,37.745001],[-122.252226,37.747619],[-122.244938,37.750294],[-122.242638,37.753744],[-122.253753,37.761218],[-122.264101,37.764667],[-122.275408,37.76735],[-122.286139,37.769458],[-122.293996,37.770416],[-122.304345,37.774632],[-122.318909,37.77904],[-122.329159,37.783173],[-122.33079,37.78383],[-122.330963,37.786035],[-122.331748,37.796052],[-122.33555,37.799538],[-122.335675,37.799652],[-122.333711,37.809797],[-122.323567,37.823214],[-122.317676,37.826814],[-122.306222,37.827469],[-122.303931,37.830087],[-122.301313,37.847758],[-122.310477,37.873938],[-122.309986,37.892755],[-122.313258,37.89701],[-122.313496,37.897211],[-122.310881,37.897825],[-122.30618,37.898225],[-122.185977,37.820726],[-122.004228,37.770058],[-122.010771,37.755127],[-122.001071,37.739028],[-121.977999,37.729579],[-121.96077,37.718629],[-121.910138,37.73046],[-121.881567,37.737328],[-121.623724,37.799291],[-121.55916,37.818927],[-121.556936,37.817218],[-121.556655,37.542732],[-121.471925,37.481783],[-121.472648,37.48217],[-121.855762,37.484537]]]},"id":"06001"},{"type":"Feature","properties":{"GEO_ID":"0500000US19003","STATE":"19","COUNTY":"003","NAME":"Adams","LSAD":"County","CENSUSAREA":423.439},"geometry":{"type":"Polygon","coordinates":[[[-94.927587,41.158508],[-94.704975,41.157903],[-94.700589,41.158085],[-94.470603,41.157566],[-94.470779,40.899502],[-94.928459,40.900653],[-94.927587,41.158508]]]},"id":"19003"},{"type":"Feature","properties":{"GEO_ID":"0500000US19013","STATE":"19","COUNTY":"013","NAME":"Black Hawk","LSAD":"County","CENSUSAREA":565.769},"geometry":{"type":"Polygon","coordinates":[[[-92.064766,42.297259],[-92.298792,42.297527],[-92.53351,42.297001],[-92.5543,42.555854],[-92.554561,42.55935],[-92.554492,42.642314],[-92.081661,42.642056],[-92.064766,42.297259]]]},"id":"19013"},{"type":"Feature","properties":{"GEO_ID":"0500000US19025","STATE":"19","COUNTY":"025","NAME":"Calhoun","LSAD":"County","CENSUSAREA":569.968},"geometry":{"type":"Polygon","coordinates":[[[-94.914485,42.560309],[-94.443024,42.558843],[-94.397671,42.4733],[-94.397526,42.209161],[-94.628806,42.209396],[-94.858412,42.209692],[-94.856702,42.473967],[-94.914487,42.47419],[-94.914485,42.560309]]]},"id":"19025"},{"type":"Feature","properties":{"GEO_ID":"0500000US19035","STATE":"19","COUNTY":"035","NAME":"Cherokee","LSAD":"County","CENSUSAREA":576.906},"geometry":{"type":"Polygon","coordinates":[[[-95.859377,42.909097],[-95.388182,42.909897],[-95.38801,42.561742],[-95.741611,42.561285],[-95.750287,42.561106],[-95.859949,42.56062],[-95.859377,42.909097]]]},"id":"19035"},{"type":"Feature","properties":{"GEO_ID":"0500000US06079","STATE":"06","COUNTY":"079","NAME":"San Luis Obispo","LSAD":"County","CENSUSAREA":3298.567},"geometry":{"type":"Polygon","coordinates":[[[-120.194146,35.789204],[-120.194053,35.749964],[-120.193934,35.749393],[-120.193892,35.726513],[-120.193918,35.614359],[-120.085922,35.614524],[-120.086674,35.526554],[-119.997382,35.468702],[-119.997392,35.439495],[-119.880045,35.439133],[-119.880172,35.351211],[-119.809346,35.350865],[-119.809449,35.263584],[-119.666663,35.262527],[-119.667056,35.174809],[-119.553641,35.179975],[-119.560975,35.087673],[-119.472719,35.076885],[-119.472754,34.901174],[-119.535757,34.897576],[-119.672963,34.973375],[-119.745566,34.973676],[-119.928419,35.059794],[-119.980122,35.057573],[-120.093376,35.114102],[-120.188383,35.030378],[-120.334548,35.006315],[-120.311498,34.903764],[-120.355343,34.941265],[-120.513924,34.989276],[-120.648905,34.974393],[-120.63999,35.002963],[-120.63357,35.033085],[-120.629931,35.061515],[-120.629583,35.078362],[-120.630957,35.101941],[-120.635787,35.123805],[-120.644311,35.139616],[-120.651134,35.147768],[-120.662475,35.153357],[-120.667994,35.15203],[-120.675074,35.153061],[-120.686974,35.160708],[-120.698906,35.171192],[-120.704203,35.173206],[-120.714185,35.175998],[-120.734231,35.178472],[-120.74887,35.177795],[-120.754823,35.174701],[-120.756862,35.169208],[-120.756086,35.160459],[-120.760492,35.15971],[-120.778998,35.168897],[-120.786076,35.177666],[-120.805258,35.184973],[-120.846674,35.204429],[-120.856047,35.206487],[-120.873046,35.225688],[-120.89679,35.247877],[-120.896876,35.25399],[-120.889354,35.277819],[-120.87957,35.294184],[-120.8672,35.327154],[-120.862684,35.346776],[-120.862133,35.360763],[-120.866099,35.393045],[-120.869209,35.403276],[-120.884757,35.430196],[-120.896862,35.442243],[-120.907937,35.449069],[-120.946546,35.446715],[-120.950742,35.44802],[-120.955863,35.453743],[-120.969436,35.460197],[-120.976122,35.459028],[-121.003359,35.46071],[-121.025621,35.484598],[-121.05308,35.50753],[-121.059913,35.509671],[-121.101595,35.548814],[-121.126027,35.593058],[-121.133556,35.600455],[-121.143561,35.606046],[-121.166712,35.635399],[-121.188897,35.643138],[-121.195291,35.640734],[-121.251034,35.656641],[-121.272322,35.666711],[-121.284973,35.674109],[-121.289794,35.689428],[-121.296473,35.696824],[-121.304583,35.701794],[-121.314632,35.71331],[-121.315786,35.75252],[-121.324918,35.769347],[-121.332449,35.783106],[-121.346363,35.795183],[-121.175695,35.794102],[-120.213979,35.789276],[-120.194146,35.789204]]]},"id":"06079"},{"type":"Feature","properties":{"GEO_ID":"0500000US06093","STATE":"06","COUNTY":"093","NAME":"Siskiyou","LSAD":"County","CENSUSAREA":6277.887},"geometry":{"type":"Polygon","coordinates":[[[-122.289533,42.007764],[-122.289527,42.007764],[-122.161328,42.007637],[-122.160438,42.007637],[-122.156666,42.007384],[-122.155408,42.007429],[-122.001119,42.004017],[-121.708199,42.000815],[-121.705045,42.000766],[-121.689159,42.000584],[-121.675348,42.000351],[-121.580865,41.998668],[-121.52025,41.997983],[-121.44754,41.997169],[-121.446495,41.183484],[-122.376123,41.182904],[-122.498376,41.182675],[-122.522636,41.213525],[-122.50389,41.342985],[-122.585241,41.359008],[-122.653686,41.289237],[-122.811342,41.202451],[-122.961347,41.181525],[-122.966949,41.08205],[-122.897411,41.028475],[-122.917529,40.99399],[-123.036808,41.004058],[-123.141338,41.079178],[-123.23948,41.075763],[-123.273402,41.122891],[-123.408291,41.179944],[-123.474085,41.366193],[-123.661363,41.38209],[-123.612395,41.448954],[-123.719089,41.595258],[-123.660205,41.714055],[-123.703768,41.829117],[-123.642812,41.889353],[-123.565442,41.903141],[-123.518075,42.000436],[-123.501997,42.000527],[-123.498896,42.000474],[-123.49883,42.000525],[-123.347562,41.999108],[-123.230764,42.003845],[-123.230762,42.003845],[-123.154908,42.008036],[-123.045254,42.003049],[-123.001152,42.003],[-122.634739,42.004858],[-122.501135,42.00846],[-122.378193,42.009518],[-122.289533,42.007764]]]},"id":"06093"},{"type":"Feature","properties":{"GEO_ID":"0500000US06097","STATE":"06","COUNTY":"097","NAME":"Sonoma","LSAD":"County","CENSUSAREA":1575.849},"geometry":{"type":"Polygon","coordinates":[[[-123.26871,38.808369],[-123.136253,38.809136],[-123.080997,38.852438],[-122.821592,38.85014],[-122.627396,38.667506],[-122.646268,38.59912],[-122.543893,38.519966],[-122.378987,38.250714],[-122.406786,38.155632],[-122.406978,38.155663],[-122.403514,38.150624],[-122.40358,38.15063],[-122.409798,38.136231],[-122.439577,38.116923],[-122.450377,38.116269],[-122.454958,38.118887],[-122.484411,38.11496],[-122.489974,38.112014],[-122.490727,38.109755],[-122.565093,38.182217],[-122.648986,38.181077],[-122.7399,38.207018],[-122.901726,38.316943],[-123.002911,38.295708],[-123.004122,38.297012],[-123.024333,38.310573],[-123.038742,38.313576],[-123.051061,38.310693],[-123.053476,38.305722],[-123.052021,38.302246],[-123.053504,38.299385],[-123.058239,38.298355],[-123.063671,38.302178],[-123.074684,38.322574],[-123.068437,38.33521],[-123.068265,38.359865],[-123.085572,38.390525],[-123.103706,38.415541],[-123.122379,38.437314],[-123.128825,38.450418],[-123.145325,38.459422],[-123.166428,38.474947],[-123.202277,38.494314],[-123.249797,38.511045],[-123.287156,38.540223],[-123.297151,38.543452],[-123.331899,38.565542],[-123.343338,38.590008],[-123.349612,38.596805],[-123.371876,38.607235],[-123.379303,38.621953],[-123.398166,38.647044],[-123.40301,38.649449],[-123.405663,38.656729],[-123.43272,38.687131],[-123.441774,38.699744],[-123.461291,38.717001],[-123.490021,38.732213],[-123.514784,38.741966],[-123.525152,38.753801],[-123.533535,38.768408],[-123.26871,38.808369]]]},"id":"06097"},{"type":"Feature","properties":{"GEO_ID":"0500000US06105","STATE":"06","COUNTY":"105","NAME":"Trinity","LSAD":"County","CENSUSAREA":3179.254},"geometry":{"type":"Polygon","coordinates":[[[-123.065426,40.286971],[-122.989015,40.250145],[-122.989623,40.145496],[-122.934013,39.978131],[-123.544563,39.977015],[-123.544458,40.001923],[-123.544059,40.739386],[-123.55985,40.829584],[-123.623826,40.929421],[-123.560163,40.950257],[-123.481457,40.914957],[-123.408291,41.179944],[-123.273402,41.122891],[-123.23948,41.075763],[-123.141338,41.079178],[-123.036808,41.004058],[-122.917529,40.99399],[-122.897411,41.028475],[-122.966949,41.08205],[-122.961347,41.181525],[-122.811342,41.202451],[-122.653686,41.289237],[-122.585241,41.359008],[-122.50389,41.342985],[-122.522636,41.213525],[-122.498376,41.182675],[-122.445453,41.15793],[-122.752266,40.689642],[-122.695298,40.572514],[-122.845954,40.505181],[-122.903738,40.445071],[-122.998682,40.418142],[-123.068789,40.332233],[-123.065426,40.286971]]]},"id":"06105"},{"type":"Feature","properties":{"GEO_ID":"0500000US06017","STATE":"06","COUNTY":"017","NAME":"El Dorado","LSAD":"County","CENSUSAREA":1707.883},"geometry":{"type":"Polygon","coordinates":[[[-121.141009,38.71198],[-121.040406,38.915651],[-120.746395,39.010352],[-120.642458,38.944404],[-120.556321,38.915164],[-120.470985,38.965507],[-120.43524,39.028397],[-120.184098,39.031014],[-120.143663,39.067285],[-120.002461,39.067489],[-120.001014,38.999574],[-119.904315,38.933324],[-119.880303,38.864776],[-120.072392,38.702767],[-120.098322,38.709029],[-120.301721,38.549109],[-120.510596,38.511467],[-120.627604,38.503143],[-120.813554,38.562193],[-121.027507,38.508292],[-121.118617,38.717118],[-121.133264,38.705427],[-121.141009,38.71198]]]},"id":"06017"},{"type":"Feature","properties":{"GEO_ID":"0500000US19005","STATE":"19","COUNTY":"005","NAME":"Allamakee","LSAD":"County","CENSUSAREA":639.082},"geometry":{"type":"Polygon","coordinates":[[[-91.217706,43.50055],[-91.20555,43.422949],[-91.210233,43.372064],[-91.107237,43.313645],[-91.085652,43.29187],[-91.057918,43.255366],[-91.062562,43.243165],[-91.1462,43.152405],[-91.1562,43.142945],[-91.175253,43.134665],[-91.178251,43.124982],[-91.177222,43.080247],[-91.605307,43.081653],[-91.610832,43.50053],[-91.591073,43.500536],[-91.551021,43.500539],[-91.54122,43.500515],[-91.533806,43.50056],[-91.491042,43.50069],[-91.465063,43.500608],[-91.461403,43.500642],[-91.445932,43.500588],[-91.441786,43.500438],[-91.37695,43.500482],[-91.371608,43.500945],[-91.369325,43.500827],[-91.217706,43.50055]]]},"id":"19005"},{"type":"Feature","properties":{"GEO_ID":"0500000US19051","STATE":"19","COUNTY":"051","NAME":"Davis","LSAD":"County","CENSUSAREA":502.188},"geometry":{"type":"Polygon","coordinates":[[[-92.17978,40.600529],[-92.196162,40.600069],[-92.201669,40.59998],[-92.217603,40.599832],[-92.236484,40.599531],[-92.298754,40.598469],[-92.331205,40.597805],[-92.331445,40.597714],[-92.350776,40.597274],[-92.350807,40.597273],[-92.379691,40.596509],[-92.453745,40.595288],[-92.461609,40.595355],[-92.481692,40.594941],[-92.482394,40.594894],[-92.484588,40.594924],[-92.580278,40.592151],[-92.637898,40.590853],[-92.639091,40.898886],[-92.179072,40.89972],[-92.17899,40.898343],[-92.17978,40.600529]]]},"id":"19051"},{"type":"Feature","properties":{"GEO_ID":"0500000US19065","STATE":"19","COUNTY":"065","NAME":"Fayette","LSAD":"County","CENSUSAREA":730.811},"geometry":{"type":"Polygon","coordinates":[[[-91.607059,42.643973],[-92.081661,42.642056],[-92.081568,42.907013],[-92.081146,43.082794],[-91.605307,43.081653],[-91.607059,42.643973]]]},"id":"19065"},{"type":"Feature","properties":{"GEO_ID":"0500000US19071","STATE":"19","COUNTY":"071","NAME":"Fremont","LSAD":"County","CENSUSAREA":511.15},"geometry":{"type":"Polygon","coordinates":[[[-95.765645,40.585208],[-95.753148,40.59284],[-95.750053,40.597052],[-95.748626,40.603355],[-95.776251,40.647463],[-95.786568,40.657253],[-95.795489,40.662384],[-95.822913,40.66724],[-95.842801,40.677496],[-95.883178,40.717579],[-95.888907,40.731855],[-95.88669,40.742101],[-95.881529,40.750611],[-95.872281,40.758349],[-95.861695,40.762871],[-95.854172,40.784012],[-95.821193,40.876682],[-95.823123,40.900924],[-95.813465,40.901693],[-95.384964,40.90155],[-95.373923,40.580501],[-95.415406,40.581014],[-95.469319,40.58154],[-95.525392,40.58209],[-95.526682,40.582136],[-95.533182,40.582249],[-95.554959,40.582629],[-95.574046,40.582963],[-95.611069,40.583495],[-95.64184,40.584234],[-95.687442,40.58438],[-95.6875,40.584381],[-95.746443,40.584935],[-95.765645,40.585208]]]},"id":"19071"},{"type":"Feature","properties":{"GEO_ID":"0500000US19083","STATE":"19","COUNTY":"083","NAME":"Hardin","LSAD":"County","CENSUSAREA":569.307},"geometry":{"type":"Polygon","coordinates":[[[-93.463043,42.209302],[-93.462635,42.470802],[-93.499485,42.5577],[-93.027,42.55681],[-93.002902,42.470638],[-93.001674,42.209267],[-93.231722,42.208886],[-93.463043,42.209302]]]},"id":"19083"},{"type":"Feature","properties":{"GEO_ID":"0500000US19085","STATE":"19","COUNTY":"085","NAME":"Harrison","LSAD":"County","CENSUSAREA":696.848},"geometry":{"type":"Polygon","coordinates":[[[-95.981319,41.506837],[-95.994784,41.526242],[-96.030593,41.527292],[-96.036603,41.509047],[-96.040701,41.507076],[-96.046707,41.507085],[-96.055096,41.509577],[-96.089714,41.531778],[-96.09409,41.539265],[-96.118105,41.613495],[-96.116233,41.621574],[-96.097728,41.639633],[-96.095046,41.647365],[-96.095415,41.652736],[-96.099837,41.66103],[-96.121726,41.68274],[-96.096795,41.698681],[-96.077088,41.715403],[-96.064537,41.793002],[-96.06577,41.798174],[-96.071007,41.804639],[-96.077646,41.808804],[-96.086407,41.81138],[-96.110907,41.830818],[-96.139554,41.86583],[-96.137698,41.866307],[-95.672771,41.863147],[-95.557277,41.863449],[-95.558143,41.602383],[-95.497793,41.602333],[-95.497997,41.506074],[-95.981319,41.506837]]]},"id":"19085"},{"type":"Feature","properties":{"GEO_ID":"0500000US19097","STATE":"19","COUNTY":"097","NAME":"Jackson","LSAD":"County","CENSUSAREA":636.039},"geometry":{"type":"Polygon","coordinates":[[[-90.898373,42.033548],[-90.89802,42.295236],[-90.665551,42.294699],[-90.665029,42.382155],[-90.474834,42.381473],[-90.419027,42.328505],[-90.416535,42.325109],[-90.4162,42.321314],[-90.424326,42.293326],[-90.430735,42.284211],[-90.430884,42.27823],[-90.419326,42.254467],[-90.391108,42.225473],[-90.375129,42.214811],[-90.356964,42.205445],[-90.349162,42.204277],[-90.316269,42.1936],[-90.306531,42.190439],[-90.234919,42.165431],[-90.211328,42.15401],[-90.167533,42.122475],[-90.162225,42.11488],[-90.161119,42.104404],[-90.163405,42.087613],[-90.168358,42.075779],[-90.166495,42.054543],[-90.164537,42.045007],[-90.154221,42.033073],[-90.898373,42.033548]]]},"id":"19097"},{"type":"Feature","properties":{"GEO_ID":"0500000US19109","STATE":"19","COUNTY":"109","NAME":"Kossuth","LSAD":"County","CENSUSAREA":972.72},"geometry":{"type":"Polygon","coordinates":[[[-94.442848,43.500583],[-94.442835,43.500583],[-94.390597,43.500469],[-94.377466,43.500379],[-94.247965,43.500333],[-94.10988,43.500283],[-94.108068,43.5003],[-94.094339,43.500302],[-94.092894,43.500302],[-93.970762,43.499605],[-93.970415,43.255358],[-93.971238,42.907762],[-94.442954,42.908073],[-94.443136,42.909498],[-94.443137,43.255014],[-94.442848,43.500583]]]},"id":"19109"},{"type":"Feature","properties":{"GEO_ID":"0500000US19119","STATE":"19","COUNTY":"119","NAME":"Lyon","LSAD":"County","CENSUSAREA":587.65},"geometry":{"type":"Polygon","coordinates":[[[-96.572489,43.249178],[-96.584124,43.268101],[-96.586317,43.274319],[-96.56911,43.295535],[-96.551929,43.292974],[-96.530392,43.300034],[-96.525564,43.312467],[-96.521264,43.374978],[-96.521697,43.386897],[-96.524044,43.394762],[-96.529152,43.397735],[-96.531159,43.39561],[-96.53746,43.395246],[-96.557586,43.406792],[-96.594254,43.434153],[-96.60286,43.450907],[-96.600039,43.45708],[-96.58407,43.468856],[-96.587151,43.484697],[-96.598928,43.500457],[-96.591213,43.500514],[-96.453049,43.500415],[-96.351059,43.500333],[-96.332062,43.500415],[-96.208814,43.500391],[-96.198766,43.500312],[-96.198484,43.500335],[-96.053163,43.500176],[-95.861152,43.499966],[-95.860946,43.499966],[-95.861914,43.257566],[-96.554969,43.259951],[-96.572489,43.249178]]]},"id":"19119"},{"type":"Feature","properties":{"GEO_ID":"0500000US19133","STATE":"19","COUNTY":"133","NAME":"Monona","LSAD":"County","CENSUSAREA":694.072},"geometry":{"type":"Polygon","coordinates":[[[-96.139554,41.86583],[-96.144483,41.871854],[-96.161756,41.90182],[-96.161988,41.905553],[-96.159098,41.910057],[-96.142265,41.915379],[-96.136743,41.920826],[-96.129186,41.965136],[-96.129505,41.971673],[-96.22173,42.026205],[-96.251714,42.040472],[-96.272877,42.047238],[-96.279079,42.074026],[-96.307421,42.130707],[-96.344121,42.162091],[-96.349688,42.172043],[-96.35987,42.210545],[-96.356666,42.215077],[-95.670822,42.211408],[-95.672771,41.863147],[-96.137698,41.866307],[-96.139554,41.86583]]]},"id":"19133"},{"type":"Feature","properties":{"GEO_ID":"0500000US19143","STATE":"19","COUNTY":"143","NAME":"Osceola","LSAD":"County","CENSUSAREA":398.684},"geometry":{"type":"Polygon","coordinates":[[[-95.454433,43.500644],[-95.434293,43.50036],[-95.434199,43.500314],[-95.387851,43.50024],[-95.387812,43.50024],[-95.387787,43.50024],[-95.388078,43.255221],[-95.861914,43.257566],[-95.860946,43.499966],[-95.834421,43.499966],[-95.821277,43.499965],[-95.741569,43.499891],[-95.740813,43.499894],[-95.514774,43.499865],[-95.486803,43.500246],[-95.486737,43.500274],[-95.475065,43.500335],[-95.454706,43.500563],[-95.454706,43.500648],[-95.454433,43.500644]]]},"id":"19143"},{"type":"Feature","properties":{"GEO_ID":"0500000US19167","STATE":"19","COUNTY":"167","NAME":"Sioux","LSAD":"County","CENSUSAREA":768.332},"geometry":{"type":"Polygon","coordinates":[[[-96.455107,43.083366],[-96.439335,43.113916],[-96.436589,43.120842],[-96.475571,43.221054],[-96.485264,43.224183],[-96.557126,43.224192],[-96.572489,43.249178],[-96.554969,43.259951],[-95.861914,43.257566],[-95.859377,42.909097],[-96.523264,42.909059],[-96.510749,42.944397],[-96.509479,42.971122],[-96.513111,43.02788],[-96.466017,43.062235],[-96.455107,43.083366]]]},"id":"19167"},{"type":"Feature","properties":{"GEO_ID":"0500000US19173","STATE":"19","COUNTY":"173","NAME":"Taylor","LSAD":"County","CENSUSAREA":531.902},"geometry":{"type":"Polygon","coordinates":[[[-94.632032,40.571186],[-94.632035,40.571186],[-94.682601,40.571787],[-94.714925,40.572201],[-94.716665,40.572201],[-94.773988,40.572977],[-94.811188,40.573532],[-94.819978,40.573714],[-94.823758,40.573942],[-94.896801,40.574738],[-94.901451,40.574877],[-94.914896,40.575068],[-94.928459,40.900653],[-94.470779,40.899502],[-94.471213,40.570825],[-94.48928,40.570707],[-94.533878,40.570739],[-94.537058,40.570763],[-94.538318,40.570763],[-94.541828,40.570809],[-94.542154,40.570809],[-94.594001,40.570966],[-94.632032,40.571186]]]},"id":"19173"},{"type":"Feature","properties":{"GEO_ID":"0500000US19185","STATE":"19","COUNTY":"185","NAME":"Wayne","LSAD":"County","CENSUSAREA":525.437},"geometry":{"type":"Polygon","coordinates":[[[-93.345442,40.580514],[-93.374386,40.580334],[-93.441767,40.579916],[-93.465297,40.580164],[-93.466887,40.580072],[-93.524124,40.580481],[-93.527607,40.580436],[-93.528177,40.580367],[-93.548284,40.580417],[-93.553986,40.580303],[-93.556899,40.580235],[-93.55654,40.898295],[-93.097595,40.898451],[-93.097296,40.584014],[-93.098507,40.583973],[-93.260612,40.580797],[-93.317605,40.580671],[-93.345442,40.580514]]]},"id":"19185"},{"type":"Feature","properties":{"GEO_ID":"0500000US19191","STATE":"19","COUNTY":"191","NAME":"Winneshiek","LSAD":"County","CENSUSAREA":689.868},"geometry":{"type":"Polygon","coordinates":[[[-91.730217,43.50068],[-91.700749,43.500581],[-91.670872,43.500513],[-91.658401,43.500533],[-91.651396,43.500454],[-91.644924,43.500529],[-91.639772,43.500573],[-91.635626,43.500463],[-91.634495,43.500439],[-91.634244,43.500479],[-91.625611,43.500727],[-91.620785,43.500677],[-91.617407,43.500687],[-91.616895,43.500663],[-91.615293,43.50055],[-91.610895,43.50053],[-91.610832,43.50053],[-91.605307,43.081653],[-92.081146,43.082794],[-92.080976,43.212947],[-92.079802,43.500647],[-91.949879,43.500485],[-91.941837,43.500554],[-91.824848,43.500684],[-91.807156,43.500648],[-91.804925,43.500716],[-91.77929,43.500803],[-91.777688,43.500711],[-91.761414,43.500637],[-91.738446,43.500525],[-91.736558,43.500561],[-91.73333,43.500623],[-91.730359,43.50068],[-91.730217,43.50068]]]},"id":"19191"},{"type":"Feature","properties":{"GEO_ID":"0500000US19117","STATE":"19","COUNTY":"117","NAME":"Lucas","LSAD":"County","CENSUSAREA":430.593},"geometry":{"type":"Polygon","coordinates":[[[-93.557556,41.161271],[-93.327886,41.160659],[-93.099217,41.160867],[-93.097724,40.899738],[-93.097595,40.898451],[-93.55654,40.898295],[-93.557556,41.161271]]]},"id":"19117"},{"type":"Feature","properties":{"GEO_ID":"0500000US35047","STATE":"35","COUNTY":"047","NAME":"San Miguel","LSAD":"County","CENSUSAREA":4715.821},"geometry":{"type":"Polygon","coordinates":[[[-105.290884,35.042093],[-105.714475,35.041562],[-105.72028,35.871015],[-105.34783,35.870695],[-105.110049,35.807904],[-105.025454,35.754197],[-105.018811,35.769439],[-104.367447,35.781428],[-104.021315,35.78148],[-103.976867,35.801694],[-103.724585,35.422223],[-103.637147,35.389722],[-103.637057,35.240881],[-103.857529,35.242199],[-103.857698,35.264082],[-104.124841,35.142183],[-104.124816,35.2156],[-105.291355,35.216345],[-105.290884,35.042093]]]},"id":"35047"},{"type":"Feature","properties":{"GEO_ID":"0500000US35051","STATE":"35","COUNTY":"051","NAME":"Sierra","LSAD":"County","CENSUSAREA":4178.956},"geometry":{"type":"Polygon","coordinates":[[[-107.299463,32.605534],[-107.608283,32.605382],[-107.736949,32.629494],[-107.716186,32.762676],[-107.773088,32.853775],[-107.780548,32.952776],[-107.856672,33.002539],[-107.836192,33.067763],[-107.858292,33.200879],[-108.000597,33.201563],[-108.000602,33.478014],[-107.712713,33.476892],[-106.474295,33.475786],[-106.373082,33.480116],[-106.372235,33.390883],[-106.345851,33.390815],[-106.340473,33.052795],[-106.887859,32.822844],[-106.887733,32.779311],[-107.299371,32.780603],[-107.299463,32.605534]]]},"id":"35051"},{"type":"Feature","properties":{"GEO_ID":"0500000US35055","STATE":"35","COUNTY":"055","NAME":"Taos","LSAD":"County","CENSUSAREA":2203.11},"geometry":{"type":"Polygon","coordinates":[[[-105.220613,36.995169],[-105.230632,36.723784],[-105.311842,36.724471],[-105.370638,36.681032],[-105.377745,36.552096],[-105.318718,36.491693],[-105.356826,36.449504],[-105.327301,36.40543],[-105.340907,36.262245],[-105.409677,36.236814],[-105.419992,36.131704],[-105.53038,36.013014],[-105.735883,36.100133],[-105.856947,36.230434],[-106.058364,36.296978],[-105.959812,36.35442],[-105.938754,36.462402],[-105.972491,36.648088],[-105.984436,36.812065],[-105.971889,36.886247],[-106.006634,36.995343],[-105.997472,36.995417],[-105.996159,36.995418],[-105.71847,36.995846],[-105.716471,36.995849],[-105.66472,36.995874],[-105.62747,36.995679],[-105.533922,36.995875],[-105.512485,36.995777],[-105.508836,36.995895],[-105.465182,36.995991],[-105.447255,36.996017],[-105.442459,36.995994],[-105.41931,36.995856],[-105.220613,36.995169]]]},"id":"35055"},{"type":"Feature","properties":{"GEO_ID":"0500000US19029","STATE":"19","COUNTY":"029","NAME":"Cass","LSAD":"County","CENSUSAREA":564.269},"geometry":{"type":"Polygon","coordinates":[[[-95.154722,41.505211],[-95.04077,41.50469],[-94.700629,41.504148],[-94.700589,41.158085],[-94.704975,41.157903],[-94.927587,41.158508],[-95.154115,41.159145],[-95.155851,41.159236],[-95.154722,41.505211]]]},"id":"19029"},{"type":"Feature","properties":{"GEO_ID":"0500000US19037","STATE":"19","COUNTY":"037","NAME":"Chickasaw","LSAD":"County","CENSUSAREA":504.38},"geometry":{"type":"Polygon","coordinates":[[[-92.081568,42.907013],[-92.554211,42.907112],[-92.554381,43.212813],[-92.080976,43.212947],[-92.081146,43.082794],[-92.081568,42.907013]]]},"id":"19037"},{"type":"Feature","properties":{"GEO_ID":"0500000US30067","STATE":"30","COUNTY":"067","NAME":"Park","LSAD":"County","CENSUSAREA":2803.063},"geometry":{"type":"Polygon","coordinates":[[[-109.798687,45.002188],[-110.025544,45.003602],[-110.026347,45.003665],[-110.110103,45.003905],[-110.221343,44.996176],[-110.547165,44.992459],[-110.552433,44.992237],[-110.705272,44.992324],[-110.750767,44.997948],[-110.875772,45.002101],[-111.044275,45.001345],[-111.038168,45.351174],[-110.917661,45.351328],[-110.919212,45.525338],[-110.858228,45.525089],[-110.857054,45.590872],[-110.794977,45.590289],[-110.790447,46.142024],[-110.783982,46.192408],[-110.28186,46.18421],[-110.292662,45.785022],[-110.220902,45.784787],[-110.228549,45.17282],[-110.063819,45.172102],[-109.798173,45.17192],[-109.798221,45.167405],[-109.798687,45.002188]]]},"id":"30067"},{"type":"Feature","properties":{"GEO_ID":"0500000US30073","STATE":"30","COUNTY":"073","NAME":"Pondera","LSAD":"County","CENSUSAREA":1622.863},"geometry":{"type":"Polygon","coordinates":[[[-111.408922,48.219476],[-111.409005,48.21838],[-111.409097,48.132218],[-111.408495,47.987045],[-111.983753,47.984771],[-111.9835,48.043204],[-112.047253,48.086892],[-112.177751,48.087466],[-112.177757,48.130932],[-113.016894,48.13246],[-113.231495,48.170652],[-113.236785,48.247345],[-113.34947,48.310155],[-112.575885,48.309372],[-112.576892,48.483478],[-112.229874,48.483081],[-112.184375,48.477593],[-111.990944,48.438546],[-111.990819,48.394285],[-111.79591,48.393011],[-111.796117,48.349814],[-111.665829,48.349497],[-111.6665,48.219412],[-111.408922,48.219476]]]},"id":"30073"},{"type":"Feature","properties":{"GEO_ID":"0500000US30079","STATE":"30","COUNTY":"079","NAME":"Prairie","LSAD":"County","CENSUSAREA":1736.737},"geometry":{"type":"Polygon","coordinates":[[[-105.406237,47.181563],[-105.324817,47.181586],[-105.324898,46.977161],[-105.196735,46.977172],[-105.196945,46.919179],[-105.069484,46.919128],[-105.027522,46.86149],[-104.603766,46.86088],[-104.607017,46.684926],[-104.732843,46.656264],[-104.732853,46.612672],[-104.858698,46.612479],[-104.858857,46.569114],[-104.984754,46.56945],[-104.984714,46.540606],[-105.239439,46.541005],[-105.239175,46.570089],[-105.449006,46.570916],[-105.491952,46.657985],[-105.575683,46.657889],[-105.576256,46.744935],[-105.618076,46.745025],[-105.617595,46.83209],[-106.08667,46.860264],[-106.086777,47.180938],[-105.960094,47.180981],[-105.960127,47.092969],[-105.832846,47.093144],[-105.833042,47.180967],[-105.406237,47.181563]]]},"id":"30079"},{"type":"Feature","properties":{"GEO_ID":"0500000US30081","STATE":"30","COUNTY":"081","NAME":"Ravalli","LSAD":"County","CENSUSAREA":2390.821},"geometry":{"type":"Polygon","coordinates":[[[-114.551286,45.559007],[-114.560855,45.564575],[-114.561773,45.565109],[-114.563652,45.637412],[-114.561046,45.639906],[-114.550834,45.6426],[-114.545574,45.642928],[-114.54182,45.641305],[-114.515411,45.652842],[-114.500925,45.666715],[-114.495421,45.703321],[-114.497553,45.710677],[-114.504869,45.722176],[-114.528667,45.731636],[-114.547763,45.743309],[-114.566172,45.773864],[-114.514596,45.840785],[-114.509303,45.845531],[-114.498809,45.850676],[-114.44868,45.858891],[-114.39376,45.89402],[-114.401552,45.963195],[-114.412007,45.978057],[-114.429638,45.986638],[-114.465376,45.996077],[-114.483379,46.008047],[-114.490578,46.022872],[-114.4912,46.034059],[-114.4912,46.044003],[-114.476284,46.062026],[-114.467583,46.081914],[-114.468205,46.099937],[-114.476284,46.112988],[-114.48312,46.129147],[-114.472643,46.162202],[-114.426885,46.289671],[-114.378,46.435371],[-114.385297,46.467162],[-114.346528,46.535789],[-114.331093,46.607649],[-114.331093,46.630248],[-114.337942,46.641205],[-114.341336,46.642803],[-114.332887,46.660756],[-113.827831,46.661023],[-113.813152,46.588119],[-113.875931,46.508576],[-113.750143,46.27259],[-113.821129,46.212549],[-113.753246,46.1128],[-113.803099,46.0373],[-113.744524,46.048807],[-113.648219,45.965062],[-113.517481,45.939898],[-113.516912,45.93942],[-113.516338,45.938638],[-113.532405,45.878353],[-113.697639,45.843545],[-113.9426,45.686362],[-113.971565,45.700636],[-113.987759,45.705247],[-114.015633,45.696127],[-114.019315,45.692937],[-114.022534,45.67962],[-114.03493,45.647967],[-114.135249,45.557465],[-114.187852,45.542151],[-114.247828,45.545489],[-114.309613,45.469432],[-114.350819,45.468542],[-114.36662,45.491616],[-114.460542,45.561283],[-114.473759,45.563278],[-114.514196,45.564734],[-114.551286,45.559007]]]},"id":"30081"},{"type":"Feature","properties":{"GEO_ID":"0500000US30089","STATE":"30","COUNTY":"089","NAME":"Sanders","LSAD":"County","CENSUSAREA":2760.524},"geometry":{"type":"Polygon","coordinates":[[[-116.048421,47.97682],[-116.048424,47.977126],[-116.04932,48.066644],[-116.049368,48.072134],[-116.049398,48.075395],[-116.049415,48.07722],[-116.049353,48.21546],[-116.007724,48.158901],[-115.799976,48.222967],[-115.737709,48.263009],[-115.671869,48.206171],[-115.63693,48.074611],[-115.537646,47.981705],[-115.525428,47.908957],[-115.278707,47.890261],[-115.185098,47.919079],[-115.154475,48.017703],[-115.010806,48.017256],[-114.98963,47.872819],[-114.604407,47.875605],[-114.604326,47.789744],[-114.58329,47.60168],[-114.321479,47.595551],[-114.383453,47.483254],[-114.301457,47.49705],[-114.35308,47.38985],[-114.288557,47.355875],[-114.203293,47.355899],[-114.187383,47.138192],[-114.254476,47.120639],[-114.352769,47.190407],[-114.550033,47.251614],[-114.797235,47.268901],[-114.968943,47.312617],[-114.979291,47.395519],[-115.282381,47.486897],[-115.628695,47.479641],[-115.661341,47.402663],[-115.69057,47.415059],[-115.721084,47.42235],[-115.729861,47.447287],[-115.725931,47.466934],[-115.712178,47.488546],[-115.729861,47.518016],[-115.739684,47.537663],[-115.735755,47.555346],[-115.721207,47.576323],[-115.718072,47.592675],[-115.706284,47.637864],[-115.72377,47.696671],[-115.729123,47.703102],[-115.919291,47.857406],[-116.007254,47.944968],[-116.048421,47.97682]]]},"id":"30089"},{"type":"Feature","properties":{"GEO_ID":"0500000US30095","STATE":"30","COUNTY":"095","NAME":"Stillwater","LSAD":"County","CENSUSAREA":1795.35},"geometry":{"type":"Polygon","coordinates":[[[-108.924129,46.132211],[-108.901279,45.959536],[-108.905232,45.682437],[-108.842697,45.611006],[-109.12781,45.587454],[-109.12846,45.523053],[-109.191449,45.523141],[-109.191508,45.464272],[-109.356241,45.464445],[-109.562014,45.36294],[-109.60866,45.261214],[-109.690497,45.261265],[-109.691105,45.167198],[-109.798221,45.167405],[-109.798173,45.17192],[-110.063819,45.172102],[-110.063347,45.348759],[-109.932223,45.348561],[-109.932028,45.522609],[-109.808841,45.522424],[-109.808793,45.565925],[-109.685551,45.56563],[-109.685289,45.608906],[-109.561958,45.609119],[-109.564149,45.782856],[-109.548918,45.87094],[-109.505939,45.870272],[-109.506715,45.959139],[-109.423259,45.960214],[-109.417297,46.044485],[-109.415506,46.132261],[-108.924129,46.132211]]]},"id":"30095"},{"type":"Feature","properties":{"GEO_ID":"0500000US30103","STATE":"30","COUNTY":"103","NAME":"Treasure","LSAD":"County","CENSUSAREA":977.398},"geometry":{"type":"Polygon","coordinates":[[[-107.738547,46.481715],[-107.174607,46.48234],[-107.153227,46.395545],[-107.028378,46.395409],[-107.007261,46.307641],[-107.007451,46.134084],[-106.93898,46.136697],[-106.939095,45.870089],[-107.052103,45.870088],[-107.051803,45.913788],[-107.176433,45.913323],[-107.176311,45.956788],[-107.424923,45.956786],[-107.424889,46.043396],[-107.511497,46.043257],[-107.466381,46.177535],[-107.61278,46.30811],[-107.738547,46.481715]]]},"id":"30103"},{"type":"Feature","properties":{"GEO_ID":"0500000US30105","STATE":"30","COUNTY":"105","NAME":"Valley","LSAD":"County","CENSUSAREA":4925.819},"geometry":{"type":"Polygon","coordinates":[[[-106.112108,48.999279],[-106.15194,48.823898],[-106.021358,48.823975],[-106.021212,48.56322],[-105.804432,48.563318],[-105.804345,48.219179],[-105.843462,48.21903],[-105.843797,48.010314],[-106.006176,48.033689],[-106.229302,48.026416],[-106.394163,48.064726],[-106.418567,47.957414],[-106.445793,47.983016],[-106.609705,47.77751],[-106.711813,47.771809],[-106.751016,47.729708],[-106.863822,47.736508],[-106.891324,47.676607],[-107.010862,47.66314],[-107.247694,47.6614],[-107.414886,47.691677],[-107.404555,48.218303],[-107.369899,48.218294],[-107.369306,48.305134],[-107.260593,48.30475],[-107.260454,48.393864],[-107.301073,48.394],[-107.301721,48.480943],[-107.25819,48.514825],[-107.193567,48.509267],[-107.206426,48.567989],[-107.206146,48.912592],[-107.179865,48.999559],[-106.625597,48.99964],[-106.617539,48.999583],[-106.518201,48.999564],[-106.500592,48.999756],[-106.374616,48.999617],[-106.368151,48.999503],[-106.274267,48.999312],[-106.24621,48.999258],[-106.243154,48.999373],[-106.233987,48.999423],[-106.112108,48.999279]]]},"id":"30105"},{"type":"Feature","properties":{"GEO_ID":"0500000US30111","STATE":"30","COUNTY":"111","NAME":"Yellowstone","LSAD":"County","CENSUSAREA":2633.294},"geometry":{"type":"Polygon","coordinates":[[[-108.924129,46.132211],[-108.78014,46.132402],[-108.404936,46.132675],[-108.40464,46.236126],[-108.32073,46.264061],[-108.029531,46.263812],[-108.011552,46.336639],[-107.928505,46.39529],[-107.782089,46.395286],[-107.781214,46.496014],[-107.75518,46.496126],[-107.755369,46.482008],[-107.738547,46.481715],[-107.61278,46.30811],[-107.466381,46.177535],[-107.511497,46.043257],[-107.674261,46.043627],[-107.674438,45.985685],[-107.798047,45.985681],[-107.881553,45.89897],[-108.04741,45.899316],[-108.069044,45.783599],[-108.069703,45.518246],[-108.193125,45.518413],[-108.193191,45.489396],[-108.316249,45.489459],[-108.316374,45.460509],[-108.644971,45.464091],[-108.801661,45.552067],[-108.842697,45.611006],[-108.905232,45.682437],[-108.901279,45.959536],[-108.924129,46.132211]]]},"id":"30111"},{"type":"Feature","properties":{"GEO_ID":"0500000US46071","STATE":"46","COUNTY":"071","NAME":"Jackson","LSAD":"County","CENSUSAREA":1863.914},"geometry":{"type":"Polygon","coordinates":[[[-101.228179,43.389185],[-102.110819,43.389902],[-102.139051,43.476676],[-102.139158,43.700948],[-102.018887,43.708618],[-102.007336,43.99453],[-101.064068,43.994929],[-101.064326,43.84109],[-101.228264,43.788844],[-101.228179,43.389185]]]},"id":"46071"},{"type":"Feature","properties":{"GEO_ID":"0500000US46081","STATE":"46","COUNTY":"081","NAME":"Lawrence","LSAD":"County","CENSUSAREA":800.035},"geometry":{"type":"Polygon","coordinates":[[[-104.054562,44.141081],[-104.054487,44.180381],[-104.055927,44.51773],[-104.055892,44.543341],[-104.055877,44.571016],[-103.820639,44.604777],[-103.567653,44.604098],[-103.574396,44.256077],[-103.453016,44.256609],[-103.452453,44.140772],[-104.054562,44.141081]]]},"id":"46081"},{"type":"Feature","properties":{"GEO_ID":"0500000US46083","STATE":"46","COUNTY":"083","NAME":"Lincoln","LSAD":"County","CENSUSAREA":577.279},"geometry":{"type":"Polygon","coordinates":[[[-96.584124,43.268101],[-96.572489,43.249178],[-96.557126,43.224192],[-96.485264,43.224183],[-96.475571,43.221054],[-96.436589,43.120842],[-96.439335,43.113916],[-96.455107,43.083366],[-96.805682,43.08367],[-96.924142,43.083733],[-96.924841,43.500007],[-96.598928,43.500457],[-96.587151,43.484697],[-96.58407,43.468856],[-96.600039,43.45708],[-96.60286,43.450907],[-96.594254,43.434153],[-96.557586,43.406792],[-96.53746,43.395246],[-96.531159,43.39561],[-96.529152,43.397735],[-96.524044,43.394762],[-96.521697,43.386897],[-96.521264,43.374978],[-96.525564,43.312467],[-96.530392,43.300034],[-96.551929,43.292974],[-96.56911,43.295535],[-96.586317,43.274319],[-96.584124,43.268101]]]},"id":"46083"},{"type":"Feature","properties":{"GEO_ID":"0500000US46089","STATE":"46","COUNTY":"089","NAME":"McPherson","LSAD":"County","CENSUSAREA":1136.644},"geometry":{"type":"Polygon","coordinates":[[[-99.717466,45.593428],[-99.718071,45.940907],[-99.692975,45.940949],[-99.671938,45.941062],[-99.61116,45.941098],[-99.58878,45.941104],[-99.49314,45.940383],[-99.490254,45.940362],[-99.40126,45.940367],[-99.385565,45.940407],[-99.378486,45.940403],[-99.34496,45.940299],[-99.344774,45.940299],[-99.317875,45.940263],[-99.297272,45.940165],[-99.283968,45.940195],[-99.276266,45.940188],[-99.257745,45.94006],[-99.222269,45.940071],[-99.221672,45.940069],[-99.213644,45.940116],[-99.212571,45.940108],[-99.102372,45.940158],[-99.092868,45.940184],[-99.005754,45.939944],[-99.005642,45.939944],[-98.905477,45.93952],[-98.904429,45.93952],[-98.724375,45.938685],[-98.725002,45.591252],[-99.707705,45.593391],[-99.717466,45.593428]]]},"id":"46089"},{"type":"Feature","properties":{"GEO_ID":"0500000US46099","STATE":"46","COUNTY":"099","NAME":"Minnehaha","LSAD":"County","CENSUSAREA":807.147},"geometry":{"type":"Polygon","coordinates":[[[-97.129089,43.847973],[-96.888664,43.848385],[-96.508636,43.847591],[-96.453264,43.849501],[-96.453088,43.805123],[-96.453281,43.791435],[-96.45338,43.689637],[-96.453408,43.675008],[-96.453387,43.609944],[-96.453356,43.607544],[-96.453383,43.588183],[-96.453352,43.58704],[-96.453049,43.500415],[-96.591213,43.500514],[-96.598928,43.500457],[-96.924841,43.500007],[-97.129478,43.499683],[-97.129089,43.847973]]]},"id":"46099"},{"type":"Feature","properties":{"GEO_ID":"0500000US46105","STATE":"46","COUNTY":"105","NAME":"Perkins","LSAD":"County","CENSUSAREA":2870.478},"geometry":{"type":"Polygon","coordinates":[[[-102.957371,45.039569],[-102.957281,45.212851],[-102.94207,45.945092],[-102.920482,45.945038],[-102.880252,45.945069],[-102.704871,45.945072],[-102.674077,45.945274],[-102.672474,45.945244],[-102.666684,45.945307],[-102.65162,45.94545],[-102.642555,45.945404],[-102.558579,45.945129],[-102.550947,45.945015],[-102.476024,45.945183],[-102.467563,45.945159],[-102.459586,45.945081],[-102.446419,45.945083],[-102.425397,45.945041],[-102.425358,45.94499],[-102.420173,45.94507],[-102.410346,45.945079],[-102.406176,45.944997],[-102.398575,45.944868],[-102.396359,45.944916],[-102.392767,45.944979],[-102.392696,45.944951],[-102.354283,45.944901],[-102.353384,45.944984],[-102.32823,45.944806],[-102.217867,45.944711],[-102.176993,45.944622],[-102.176698,45.944622],[-102.159439,45.944641],[-102.157965,45.944641],[-102.156393,45.944663],[-102.145356,45.944659],[-102.135269,45.944586],[-102.125429,45.944652],[-102.124628,45.944813],[-102.087555,45.944598],[-102.085122,45.944642],[-102.06093,45.944622],[-102.000679,45.944515],[-101.99979,45.472414],[-101.999993,45.037999],[-102.957371,45.039569]]]},"id":"46105"},{"type":"Feature","properties":{"GEO_ID":"0500000US46109","STATE":"46","COUNTY":"109","NAME":"Roberts","LSAD":"County","CENSUSAREA":1101.041},"geometry":{"type":"Polygon","coordinates":[[[-97.226244,45.297647],[-97.227089,45.558158],[-97.228304,45.935141],[-97.228291,45.935141],[-97.144987,45.935278],[-97.118053,45.935485],[-97.019596,45.935382],[-96.998652,45.9357],[-96.791505,45.935857],[-96.701313,45.935807],[-96.680646,45.935716],[-96.659895,45.93556],[-96.639066,45.935318],[-96.618295,45.935407],[-96.607142,45.935301],[-96.597432,45.935209],[-96.576897,45.935259],[-96.56328,45.935238],[-96.564518,45.926256],[-96.564317,45.921074],[-96.569069,45.914785],[-96.569401,45.913946],[-96.569265,45.911471],[-96.568918,45.911426],[-96.568315,45.902902],[-96.568053,45.898697],[-96.568281,45.891203],[-96.568772,45.888072],[-96.572984,45.861602],[-96.576544,45.839945],[-96.57974,45.82582],[-96.583085,45.820024],[-96.652226,45.746809],[-96.672665,45.732336],[-96.711157,45.717561],[-96.745086,45.701576],[-96.835769,45.649648],[-96.840746,45.645294],[-96.844211,45.639583],[-96.857751,45.605962],[-96.853646,45.602307],[-96.849444,45.598944],[-96.844334,45.594375],[-96.843957,45.594003],[-96.835451,45.586129],[-96.784863,45.5413],[-96.76528,45.521414],[-96.745487,45.488712],[-96.742509,45.478723],[-96.732739,45.458737],[-96.692541,45.417338],[-96.680454,45.410499],[-96.617726,45.408092],[-96.521787,45.375645],[-96.489065,45.357071],[-96.47002,45.326832],[-96.992946,45.32688],[-97.007543,45.296866],[-97.226244,45.297647]]]},"id":"46109"},{"type":"Feature","properties":{"GEO_ID":"0500000US34001","STATE":"34","COUNTY":"001","NAME":"Atlantic","LSAD":"County","CENSUSAREA":555.704},"geometry":{"type":"Polygon","coordinates":[[[-74.877189,39.608288],[-74.801051,39.674102],[-74.736309,39.729909],[-74.621959,39.626633],[-74.479558,39.55597],[-74.417393,39.557255],[-74.312451,39.499869],[-74.313689,39.493874],[-74.308344,39.483945],[-74.304778,39.482945],[-74.302184,39.478935],[-74.304343,39.471445],[-74.334804,39.432001],[-74.36699,39.402017],[-74.406692,39.377516],[-74.406792,39.373916],[-74.408237,39.365071],[-74.412692,39.360816],[-74.459894,39.345016],[-74.521797,39.313816],[-74.541443,39.300245],[-74.699745,39.289593],[-74.861073,39.323768],[-74.855894,39.424562],[-74.985223,39.514802],[-74.911566,39.57862],[-74.877189,39.608288]]]},"id":"34001"},{"type":"Feature","properties":{"GEO_ID":"0500000US34005","STATE":"34","COUNTY":"005","NAME":"Burlington","LSAD":"County","CENSUSAREA":798.576},"geometry":{"type":"Polygon","coordinates":[[[-74.900236,40.077149],[-74.838008,40.10091],[-74.740605,40.13521],[-74.724304,40.14701],[-74.724179,40.147324],[-74.59477,40.137875],[-74.593987,40.137541],[-74.593354,40.137855],[-74.59265,40.137818],[-74.592468,40.138494],[-74.591754,40.137981],[-74.591221,40.137913],[-74.589954,40.138879],[-74.589638,40.138741],[-74.589614,40.13819],[-74.589318,40.138051],[-74.587847,40.138237],[-74.553105,40.07913],[-74.528808,40.036964],[-74.434653,39.854803],[-74.389905,39.773428],[-74.390399,39.596037],[-74.417393,39.557255],[-74.479558,39.55597],[-74.621959,39.626633],[-74.736309,39.729909],[-74.758064,39.743695],[-74.772894,39.750929],[-74.791478,39.772119],[-74.812471,39.785269],[-74.845183,39.79],[-74.876499,39.781647],[-74.889062,39.781804],[-74.902546,39.790797],[-74.903267,39.791247],[-74.926935,39.873839],[-74.932174,39.887532],[-74.951823,39.90147],[-74.964146,39.920683],[-74.983717,39.92694],[-74.984549,39.931238],[-74.974879,39.938382],[-74.988925,39.94105],[-74.994442,39.939266],[-75.014966,39.946546],[-75.01345,39.954188],[-75.013114,39.956433],[-75.017537,39.959087],[-75.016653,39.960623],[-75.017468,39.963509],[-75.018723,39.963664],[-75.019212,39.967462],[-75.010146,39.979768],[-75.035461,39.995951],[-75.056039,39.991795],[-75.014343,40.020976],[-74.974713,40.048711],[-74.97429,40.048872],[-74.900236,40.077149]]]},"id":"34005"},{"type":"Feature","properties":{"GEO_ID":"0500000US34011","STATE":"34","COUNTY":"011","NAME":"Cumberland","LSAD":"County","CENSUSAREA":483.703},"geometry":{"type":"Polygon","coordinates":[[[-75.407294,39.381954],[-75.368213,39.456479],[-75.239529,39.559188],[-75.084187,39.45796],[-75.061973,39.568643],[-74.985223,39.514802],[-74.855894,39.424562],[-74.861073,39.323768],[-74.914936,39.177553],[-74.962382,39.190238],[-74.976266,39.192271],[-74.998002,39.191253],[-75.026179,39.193621],[-75.028885,39.19456],[-75.027824,39.199482],[-75.023586,39.202594],[-75.023437,39.204791],[-75.026376,39.20985],[-75.035672,39.215415],[-75.041663,39.215511],[-75.047797,39.211702],[-75.052326,39.213609],[-75.062506,39.213564],[-75.086395,39.208159],[-75.101019,39.211657],[-75.107286,39.211403],[-75.114748,39.207554],[-75.12707,39.189766],[-75.136548,39.179425],[-75.139136,39.180021],[-75.165979,39.201842],[-75.164798,39.216606],[-75.170444,39.234643],[-75.177506,39.242746],[-75.205857,39.262619],[-75.21251,39.262755],[-75.241639,39.274097],[-75.244056,39.27769],[-75.242881,39.280574],[-75.244357,39.2857],[-75.251806,39.299913],[-75.271629,39.304041],[-75.28262,39.299055],[-75.285333,39.292212],[-75.288898,39.289557],[-75.30601,39.301712],[-75.315201,39.310593],[-75.326754,39.332473],[-75.327463,39.33927],[-75.333743,39.345335],[-75.341969,39.348697],[-75.355558,39.347823],[-75.365016,39.341388],[-75.39003,39.358259],[-75.394331,39.363753],[-75.395181,39.371398],[-75.399304,39.37949],[-75.407294,39.381954]]]},"id":"34011"},{"type":"Feature","properties":{"GEO_ID":"0500000US35023","STATE":"35","COUNTY":"023","NAME":"Hidalgo","LSAD":"County","CENSUSAREA":3436.861},"geometry":{"type":"Polygon","coordinates":[[[-109.048286,32.089114],[-109.047926,32.426376],[-109.047653,32.681379],[-109.047653,32.686327],[-109.047645,32.689988],[-109.047638,32.693439],[-109.047117,32.777569],[-108.854381,32.777276],[-108.853075,32.603627],[-108.646373,32.603582],[-108.647155,32.516897],[-108.537035,32.516751],[-108.538135,32.079836],[-108.524586,32.079732],[-108.524702,31.863694],[-108.217194,31.864096],[-108.217295,31.820297],[-108.209995,31.820398],[-108.209995,31.783699],[-108.208394,31.783599],[-108.208521,31.499798],[-108.208572,31.499742],[-108.208573,31.333395],[-108.851105,31.332301],[-108.861028,31.332315],[-109.050044,31.332502],[-109.049843,31.499515],[-109.049813,31.499528],[-109.049195,31.796551],[-109.048763,31.810776],[-109.048769,31.861383],[-109.04859,31.870791],[-109.048599,32.013651],[-109.048731,32.028174],[-109.048296,32.084093],[-109.048286,32.089114]]]},"id":"35023"},{"type":"Feature","properties":{"GEO_ID":"0500000US35029","STATE":"35","COUNTY":"029","NAME":"Luna","LSAD":"County","CENSUSAREA":2965.188},"geometry":{"type":"Polygon","coordinates":[[[-107.296824,31.783762],[-107.422246,31.783599],[-107.422495,31.783599],[-108.208394,31.783599],[-108.209995,31.783699],[-108.209995,31.820398],[-108.217295,31.820297],[-108.217194,31.864096],[-108.229259,32.516996],[-107.923489,32.517283],[-107.92349,32.60438],[-107.608283,32.605382],[-107.299463,32.605534],[-107.296824,31.783762]]]},"id":"35029"},{"type":"Feature","properties":{"GEO_ID":"0500000US35031","STATE":"35","COUNTY":"031","NAME":"McKinley","LSAD":"County","CENSUSAREA":5449.809},"geometry":{"type":"Polygon","coordinates":[[[-108.468585,35.299239],[-108.469264,34.958972],[-109.045851,34.959718],[-109.046082,35.174665],[-109.046481,35.546326],[-109.046509,35.54644],[-109.046296,35.614251],[-109.046295,35.616517],[-109.046024,35.8798],[-109.046055,35.888721],[-109.046054,35.92586],[-109.046011,35.925896],[-109.045973,36.002338],[-107.62651,36.00032],[-107.308212,35.99869],[-107.306591,35.41853],[-107.309634,35.419011],[-107.310041,35.305192],[-107.628344,35.304766],[-107.62821,35.348333],[-107.734079,35.348332],[-107.734212,35.304934],[-108.468586,35.306755],[-108.468585,35.299239]]]},"id":"35031"},{"type":"Feature","properties":{"GEO_ID":"0500000US35035","STATE":"35","COUNTY":"035","NAME":"Otero","LSAD":"County","CENSUSAREA":6613.209},"geometry":{"type":"Polygon","coordinates":[[[-105.998003,32.002328],[-106.09976,32.002174],[-106.18184,32.00205],[-106.200699,32.001785],[-106.205915,32.001762],[-106.313307,32.001512],[-106.377174,32.00149],[-106.376614,32.957941],[-106.340731,32.95825],[-106.340473,33.052795],[-106.345851,33.390815],[-105.727343,33.390524],[-105.725957,33.304834],[-105.319045,33.30509],[-105.316882,33.132218],[-105.316151,32.962014],[-105.35255,32.961976],[-105.353907,32.518769],[-104.851525,32.520505],[-104.847757,32.000482],[-104.918272,32.000496],[-105.077046,32.000579],[-105.078605,32.000533],[-105.11804,32.000485],[-105.131377,32.000524],[-105.132916,32.000518],[-105.14824,32.000485],[-105.15031,32.000497],[-105.153994,32.000497],[-105.390396,32.000607],[-105.427049,32.000638],[-105.428582,32.0006],[-105.429281,32.000577],[-105.886159,32.00197],[-105.9006,32.0021],[-105.998003,32.002328]]]},"id":"35035"},{"type":"Feature","properties":{"GEO_ID":"0500000US46009","STATE":"46","COUNTY":"009","NAME":"Bon Homme","LSAD":"County","CENSUSAREA":563.701},"geometry":{"type":"Polygon","coordinates":[[[-98.077108,43.16833],[-97.637496,43.16877],[-97.635115,42.844984],[-97.686506,42.842435],[-97.774456,42.849774],[-97.814382,42.861119],[-97.828496,42.868797],[-97.84527,42.867734],[-97.865695,42.86286],[-97.875345,42.858724],[-97.879878,42.835395],[-97.888562,42.817251],[-97.908983,42.794909],[-97.936716,42.775754],[-97.950147,42.769619],[-98.000348,42.763256],[-98.017228,42.762411],[-98.035034,42.764205],[-98.056625,42.770781],[-98.157405,42.831899],[-98.092782,42.973921],[-98.077108,43.16833]]]},"id":"46009"},{"type":"Feature","properties":{"GEO_ID":"0500000US46013","STATE":"46","COUNTY":"013","NAME":"Brown","LSAD":"County","CENSUSAREA":1712.981},"geometry":{"type":"Polygon","coordinates":[[[-97.978778,45.935937],[-97.979592,45.588483],[-97.981457,45.240415],[-98.717759,45.243732],[-98.722481,45.243764],[-98.722174,45.591242],[-98.725002,45.591252],[-98.724375,45.938685],[-98.18563,45.936185],[-98.184637,45.936183],[-98.070515,45.93618],[-98.008202,45.936096],[-98.008102,45.936095],[-97.986893,45.935961],[-97.978778,45.935937]]]},"id":"46013"},{"type":"Feature","properties":{"GEO_ID":"0500000US46021","STATE":"46","COUNTY":"021","NAME":"Campbell","LSAD":"County","CENSUSAREA":733.677},"geometry":{"type":"Polygon","coordinates":[[[-100.430079,45.594823],[-100.309013,45.707842],[-100.387036,45.869142],[-100.499354,45.943632],[-100.462838,45.943566],[-100.430597,45.943638],[-100.424438,45.943569],[-100.420162,45.943533],[-100.410386,45.943453],[-100.294126,45.943269],[-100.285345,45.94313],[-100.284134,45.942951],[-100.275614,45.942922],[-100.274762,45.942945],[-100.170826,45.942514],[-100.152084,45.942486],[-100.14173,45.942506],[-100.110339,45.942367],[-100.108471,45.942391],[-100.084163,45.942301],[-100.06902,45.94217],[-100.005486,45.94195],[-99.965775,45.941822],[-99.880292,45.941672],[-99.880062,45.94167],[-99.83868,45.941293],[-99.750396,45.940935],[-99.749494,45.940956],[-99.749325,45.940935],[-99.74787,45.940933],[-99.718073,45.940907],[-99.718071,45.940907],[-99.717466,45.593428],[-100.430079,45.594823]]]},"id":"46021"},{"type":"Feature","properties":{"GEO_ID":"0500000US30001","STATE":"30","COUNTY":"001","NAME":"Beaverhead","LSAD":"County","CENSUSAREA":5541.624},"geometry":{"type":"Polygon","coordinates":[[[-112.83134,44.38166],[-112.849266,44.371038],[-112.875822,44.374357],[-112.9703,44.426933],[-113.003544,44.450814],[-113.027147,44.495915],[-113.05677,44.618657],[-113.053529,44.621187],[-113.049349,44.62938],[-113.051504,44.63695],[-113.101082,44.718832],[-113.134617,44.763149],[-113.158206,44.780847],[-113.207878,44.80804],[-113.247166,44.82295],[-113.278382,44.812706],[-113.329491,44.788645],[-113.341704,44.784853],[-113.353631,44.791395],[-113.455071,44.865424],[-113.475838,44.894648],[-113.498745,44.942314],[-113.494446,44.948597],[-113.480836,44.95031],[-113.472715,44.948123],[-113.447199,44.971924],[-113.445915,44.979918],[-113.445751,45.018351],[-113.449349,45.045745],[-113.463961,45.063194],[-113.47377,45.0617],[-113.485278,45.063519],[-113.576453,45.130311],[-113.57636,45.133771],[-113.566179,45.14312],[-113.565979,45.149335],[-113.599506,45.191114],[-113.650064,45.23471],[-113.674409,45.249411],[-113.738729,45.329741],[-113.760924,45.406501],[-113.774156,45.465372],[-113.76576,45.483228],[-113.772915,45.512322],[-113.786269,45.521385],[-113.810117,45.530924],[-113.813456,45.550002],[-113.802009,45.579096],[-113.804871,45.589112],[-113.813933,45.600559],[-113.835396,45.61296],[-113.896681,45.641451],[-113.93422,45.682232],[-113.9426,45.686362],[-113.697639,45.843545],[-113.532405,45.878353],[-113.516338,45.938638],[-113.501295,45.940807],[-113.395063,45.76649],[-113.179791,45.885009],[-113.085474,45.860586],[-112.759339,45.748209],[-112.687054,45.624854],[-112.691417,45.483518],[-112.628609,45.440586],[-112.505346,45.443048],[-112.457744,45.349963],[-112.456847,45.088574],[-112.333813,45.088463],[-112.334258,45.000616],[-112.191197,45.000439],[-112.167103,44.826722],[-112.065678,44.825985],[-112.06587,44.783752],[-111.781812,44.781129],[-111.781713,44.708848],[-111.481536,44.709186],[-111.489008,44.705553],[-111.516588,44.643707],[-111.525764,44.604883],[-111.601249,44.55421],[-111.617502,44.553035],[-111.631505,44.552022],[-111.704218,44.560205],[-111.737191,44.54306],[-111.806528,44.515459],[-111.843295,44.528225],[-111.849293,44.539837],[-111.870504,44.564033],[-111.947941,44.556776],[-112.078471,44.533551],[-112.187115,44.534452],[-112.221698,44.543519],[-112.229477,44.549494],[-112.235864,44.555194],[-112.246665,44.56101],[-112.258297,44.564334],[-112.274083,44.564334],[-112.299009,44.559348],[-112.339721,44.538577],[-112.347199,44.520298],[-112.3566,44.493127],[-112.358926,44.48628],[-112.371294,44.472108],[-112.38708,44.460476],[-112.410345,44.462968],[-112.473207,44.480027],[-112.544224,44.483763],[-112.68816,44.49885],[-112.71911,44.504344],[-112.781294,44.484888],[-112.812087,44.45137],[-112.822046,44.434109],[-112.822046,44.420831],[-112.823373,44.406225],[-112.824701,44.393611],[-112.829247,44.385427],[-112.83134,44.38166]]]},"id":"30001"},{"type":"Feature","properties":{"GEO_ID":"0500000US46027","STATE":"46","COUNTY":"027","NAME":"Clay","LSAD":"County","CENSUSAREA":412.185},"geometry":{"type":"Polygon","coordinates":[[[-96.805682,43.08367],[-96.806213,42.704154],[-96.806553,42.703405],[-96.813148,42.706397],[-96.906797,42.7338],[-96.920494,42.731432],[-96.961021,42.738075],[-97.015691,42.758697],[-97.026103,42.762625],[-97.05218,42.770187],[-97.13746,42.782313],[-97.163082,42.793385],[-97.160353,42.799701],[-97.160543,43.083145],[-96.924142,43.083733],[-96.805682,43.08367]]]},"id":"46027"},{"type":"Feature","properties":{"GEO_ID":"0500000US46031","STATE":"46","COUNTY":"031","NAME":"Corson","LSAD":"County","CENSUSAREA":2469.692},"geometry":{"type":"Polygon","coordinates":[[[-100.341924,45.472904],[-101.261796,45.472755],[-101.47019,45.472416],[-101.99979,45.472414],[-102.000679,45.944515],[-102.000656,45.944515],[-102.000425,45.944581],[-101.998703,45.944557],[-101.998618,45.944556],[-101.992187,45.944471],[-101.989501,45.944472],[-101.973749,45.944456],[-101.957439,45.944484],[-101.886838,45.944559],[-101.852642,45.944457],[-101.832991,45.944464],[-101.794606,45.944397],[-101.790054,45.944442],[-101.766177,45.944322],[-101.765293,45.944367],[-101.764277,45.944412],[-101.758611,45.944478],[-101.730069,45.944356],[-101.72338,45.944187],[-101.708785,45.944348],[-101.681819,45.944444],[-101.680574,45.944329],[-101.657631,45.944387],[-101.628597,45.944293],[-101.562156,45.944237],[-101.557276,45.9441],[-101.373769,45.944265],[-101.37069,45.944198],[-101.365283,45.944092],[-101.333871,45.944166],[-101.313272,45.944164],[-101.287223,45.944107],[-101.271524,45.944209],[-101.224006,45.944025],[-101.203787,45.943895],[-101.179103,45.943896],[-101.175693,45.943983],[-101.171074,45.943959],[-101.163241,45.943915],[-101.146076,45.943842],[-101.142571,45.943841],[-101.106826,45.943984],[-101.101334,45.943841],[-100.980693,45.944068],[-100.976565,45.943864],[-100.964411,45.943822],[-100.938989,45.943848],[-100.935582,45.943757],[-100.890176,45.943861],[-100.769751,45.943766],[-100.76211,45.943767],[-100.762072,45.943803],[-100.750407,45.943649],[-100.720865,45.944024],[-100.65082,45.94368],[-100.627681,45.943642],[-100.511949,45.943654],[-100.511793,45.943654],[-100.499354,45.943632],[-100.387036,45.869142],[-100.309013,45.707842],[-100.430079,45.594823],[-100.486561,45.536521],[-100.341924,45.472904]]]},"id":"46031"},{"type":"Feature","properties":{"GEO_ID":"0500000US46047","STATE":"46","COUNTY":"047","NAME":"Fall River","LSAD":"County","CENSUSAREA":1739.915},"geometry":{"type":"Polygon","coordinates":[[[-104.054779,43.477815],[-103.935373,43.478824],[-103.000785,43.476847],[-103.000897,43.000474],[-103.13174,43.000783],[-103.132955,43.000784],[-103.340829,43.000879],[-103.404579,43.000737],[-103.5051,43.00077],[-103.505219,43.00077],[-103.506151,43.000771],[-103.506556,43.000771],[-103.576329,43.000807],[-103.576966,43.000746],[-103.813939,43.001378],[-103.815573,43.001279],[-104.053127,43.000585],[-104.053876,43.289801],[-104.053884,43.297047],[-104.054218,43.30437],[-104.054403,43.325914],[-104.054614,43.390949],[-104.054766,43.428914],[-104.054779,43.477815]]]},"id":"46047"},{"type":"Feature","properties":{"GEO_ID":"0500000US46053","STATE":"46","COUNTY":"053","NAME":"Gregory","LSAD":"County","CENSUSAREA":1014.957},"geometry":{"type":"Polygon","coordinates":[[[-99.534482,43.499648],[-99.529121,43.499783],[-99.297998,43.499669],[-99.304332,43.460386],[-99.152889,43.426908],[-99.069285,43.320688],[-98.896783,43.246909],[-98.868762,43.162009],[-98.773406,43.145919],[-98.69046,43.076556],[-98.524871,43.039347],[-98.49855,42.99856],[-98.565072,42.9984],[-98.568936,42.998537],[-98.663712,42.998444],[-98.665613,42.998536],[-98.742394,42.998343],[-98.764378,42.998323],[-98.801304,42.998241],[-98.823989,42.99831],[-98.899944,42.998122],[-98.903154,42.998306],[-98.919136,42.998242],[-98.919234,42.998241],[-98.962081,42.998286],[-99.00037,42.998273],[-99.021909,42.998365],[-99.0223,42.998237],[-99.080011,42.998357],[-99.08188,42.998288],[-99.135961,42.998301],[-99.139045,42.998508],[-99.151143,42.998344],[-99.161388,42.998465],[-99.195199,42.998107],[-99.234462,42.998281],[-99.254297,42.998138],[-99.254454,42.99814],[-99.26271,42.998234],[-99.288045,42.998152],[-99.347283,42.998217],[-99.368628,42.99814],[-99.371121,42.998093],[-99.374268,42.998047],[-99.395568,42.99817],[-99.471353,42.997967],[-99.474531,42.998081],[-99.490798,42.998143],[-99.494287,42.998118],[-99.534049,42.998041],[-99.534482,43.499648]]]},"id":"46053"},{"type":"Feature","properties":{"GEO_ID":"0500000US46123","STATE":"46","COUNTY":"123","NAME":"Tripp","LSAD":"County","CENSUSAREA":1612.446},"geometry":{"type":"Polygon","coordinates":[[[-99.534482,43.499648],[-99.534049,42.998041],[-99.535375,42.998038],[-99.569277,42.997995],[-99.699234,42.99788],[-99.701446,42.997994],[-99.719177,42.997899],[-99.726788,42.997892],[-99.743138,42.997912],[-99.768524,42.998125],[-99.788247,42.998016],[-99.800306,42.997972],[-99.803328,42.998064],[-99.809373,42.998178],[-99.821868,42.997995],[-99.850037,42.998171],[-99.859945,42.997962],[-99.869885,42.998094],[-99.877697,42.998094],[-99.918401,42.998057],[-99.927645,42.998113],[-99.950411,42.998286],[-99.950921,42.998291],[-99.961204,42.998335],[-100.004757,42.998392],[-100.027815,42.998424],[-100.034389,42.998425],[-100.119297,42.998689],[-100.126427,42.99871],[-100.126896,42.998711],[-100.198412,42.998542],[-100.198413,42.998542],[-100.214221,43.390321],[-100.230845,43.713856],[-100.115169,43.685434],[-100.016612,43.706746],[-99.981465,43.687119],[-99.837825,43.689071],[-99.729978,43.718827],[-99.688111,43.759074],[-99.667613,43.730241],[-99.656181,43.765925],[-99.623587,43.742414],[-99.623578,43.499859],[-99.534482,43.499648]]]},"id":"46123"},{"type":"Feature","properties":{"GEO_ID":"0500000US46135","STATE":"46","COUNTY":"135","NAME":"Yankton","LSAD":"County","CENSUSAREA":521.164},"geometry":{"type":"Polygon","coordinates":[[[-97.637496,43.16877],[-97.399191,43.169419],[-97.160544,43.169978],[-97.160543,43.083145],[-97.160353,42.799701],[-97.163082,42.793385],[-97.190135,42.805076],[-97.218269,42.829561],[-97.257089,42.853854],[-97.328511,42.859501],[-97.42319,42.861168],[-97.485376,42.854838],[-97.531867,42.850105],[-97.635115,42.844984],[-97.637496,43.16877]]]},"id":"46135"},{"type":"Feature","properties":{"GEO_ID":"0500000US30011","STATE":"30","COUNTY":"011","NAME":"Carter","LSAD":"County","CENSUSAREA":3340.752},"geometry":{"type":"Polygon","coordinates":[[[-104.040274,45.212891],[-104.040128,44.999987],[-104.057698,44.997431],[-104.470117,44.998453],[-104.470422,44.998453],[-104.663882,44.998869],[-104.665171,44.998618],[-104.759855,44.999066],[-104.765063,44.999183],[-105.01824,45.000437],[-105.019284,45.000329],[-105.025266,45.00029],[-105.038405,45.000345],[-105.038235,45.352052],[-104.987143,45.352023],[-104.982036,45.787009],[-104.939228,45.786959],[-104.939396,46.136589],[-104.88584,46.136693],[-104.51584,46.136344],[-104.51626,46.054611],[-104.39029,46.054964],[-104.390877,45.970305],[-104.134716,45.968946],[-104.134663,45.882036],[-104.04403,45.881971],[-104.044009,45.871974],[-104.043814,45.868385],[-104.041937,45.557915],[-104.041647,45.550691],[-104.041717,45.539122],[-104.041145,45.503367],[-104.041274,45.499994],[-104.041764,45.490789],[-104.04041,45.393474],[-104.040114,45.374214],[-104.040265,45.345356],[-104.040358,45.335946],[-104.040274,45.212891]]]},"id":"30011"},{"type":"Feature","properties":{"GEO_ID":"0500000US30017","STATE":"30","COUNTY":"017","NAME":"Custer","LSAD":"County","CENSUSAREA":3783.362},"geometry":{"type":"Polygon","coordinates":[[[-104.982036,45.787009],[-106.191861,45.7886],[-106.191438,46.137019],[-106.153268,46.137194],[-106.155265,46.48347],[-106.120415,46.483591],[-106.120909,46.83131],[-106.086335,46.831269],[-106.086504,46.845968],[-106.08667,46.860264],[-105.617595,46.83209],[-105.618076,46.745025],[-105.576256,46.744935],[-105.575683,46.657889],[-105.491952,46.657985],[-105.449006,46.570916],[-105.239175,46.570089],[-105.239439,46.541005],[-104.984714,46.540606],[-104.984754,46.56945],[-104.858857,46.569114],[-104.858698,46.612479],[-104.732853,46.612672],[-104.733077,46.482239],[-104.905878,46.48218],[-104.88584,46.136693],[-104.939396,46.136589],[-104.939228,45.786959],[-104.982036,45.787009]]]},"id":"30017"},{"type":"Feature","properties":{"GEO_ID":"0500000US30025","STATE":"30","COUNTY":"025","NAME":"Fallon","LSAD":"County","CENSUSAREA":1620.772},"geometry":{"type":"Polygon","coordinates":[[[-104.045443,45.94531],[-104.04403,45.881975],[-104.04403,45.881971],[-104.134663,45.882036],[-104.134716,45.968946],[-104.390877,45.970305],[-104.39029,46.054964],[-104.51626,46.054611],[-104.51584,46.136344],[-104.88584,46.136693],[-104.905878,46.48218],[-104.733077,46.482239],[-104.732853,46.612672],[-104.732843,46.656264],[-104.607017,46.684926],[-104.417782,46.684892],[-104.353874,46.641446],[-104.045271,46.641443],[-104.045335,46.540929],[-104.045462,46.341895],[-104.045469,46.324545],[-104.045633,46.280188],[-104.04667,46.000001],[-104.045443,45.94531]]]},"id":"30025"},{"type":"Feature","properties":{"GEO_ID":"0500000US30027","STATE":"30","COUNTY":"027","NAME":"Fergus","LSAD":"County","CENSUSAREA":4339.803},"geometry":{"type":"Polygon","coordinates":[[[-108.891022,47.734407],[-108.771619,47.645523],[-108.312615,47.583452],[-108.314955,47.314908],[-108.590901,47.306262],[-108.590492,47.270463],[-108.719223,47.270267],[-108.736711,47.098196],[-108.608546,47.097826],[-108.63095,46.749414],[-109.009802,46.750432],[-109.388963,46.751009],[-109.389163,46.693661],[-109.746006,46.693744],[-109.756279,46.780416],[-109.835424,46.809133],[-109.755404,46.896214],[-109.756905,47.185574],[-109.872449,47.185462],[-109.872395,47.228976],[-110.000131,47.22886],[-110.000337,47.272244],[-110.127913,47.272017],[-110.127952,47.358973],[-110.213418,47.359107],[-110.213293,47.416659],[-110.159419,47.415338],[-109.850627,47.539301],[-109.836811,47.712253],[-109.538454,47.738894],[-109.425315,47.720153],[-109.274171,47.793239],[-108.942745,47.791824],[-108.891022,47.734407]]]},"id":"30027"},{"type":"Feature","properties":{"GEO_ID":"0500000US30033","STATE":"30","COUNTY":"033","NAME":"Garfield","LSAD":"County","CENSUSAREA":4675.356},"geometry":{"type":"Polygon","coordinates":[[[-107.908907,47.450638],[-107.75931,47.552006],[-107.695788,47.628756],[-107.600981,47.650011],[-107.450151,47.622077],[-107.414886,47.691677],[-107.247694,47.6614],[-107.010862,47.66314],[-106.891324,47.676607],[-106.863822,47.736508],[-106.751016,47.729708],[-106.711813,47.771809],[-106.609705,47.77751],[-106.445793,47.983016],[-106.418567,47.957414],[-106.358288,47.957216],[-106.358288,47.868412],[-106.261082,47.868312],[-106.260585,47.529],[-106.298087,47.5289],[-106.298189,47.354391],[-106.170675,47.354708],[-106.170434,47.18093],[-106.086777,47.180938],[-106.08667,46.860264],[-106.086504,46.845968],[-106.720258,46.845251],[-106.720027,46.859603],[-107.466813,46.860486],[-107.892117,46.851537],[-107.939113,46.876459],[-107.882588,47.000151],[-107.919544,47.017133],[-107.968483,47.250033],[-107.962875,47.354368],[-107.908907,47.450638]]]},"id":"30033"},{"type":"Feature","properties":{"GEO_ID":"0500000US30039","STATE":"30","COUNTY":"039","NAME":"Granite","LSAD":"County","CENSUSAREA":1727.415},"geometry":{"type":"Polygon","coordinates":[[[-113.827831,46.661023],[-113.667225,46.658426],[-113.667726,46.716026],[-113.479817,46.744929],[-113.479917,46.80273],[-113.303005,46.832132],[-113.115791,46.71359],[-113.038691,46.736132],[-113.036834,46.266822],[-113.03716,46.223078],[-113.284652,46.222761],[-113.274361,46.059484],[-113.517481,45.939898],[-113.648219,45.965062],[-113.744524,46.048807],[-113.803099,46.0373],[-113.753246,46.1128],[-113.821129,46.212549],[-113.750143,46.27259],[-113.875931,46.508576],[-113.813152,46.588119],[-113.827831,46.661023]]]},"id":"30039"},{"type":"Feature","properties":{"GEO_ID":"0500000US30045","STATE":"30","COUNTY":"045","NAME":"Judith Basin","LSAD":"County","CENSUSAREA":1869.821},"geometry":{"type":"Polygon","coordinates":[[[-110.639564,47.416259],[-110.213293,47.416659],[-110.213418,47.359107],[-110.127952,47.358973],[-110.127913,47.272017],[-110.000337,47.272244],[-110.000131,47.22886],[-109.872395,47.228976],[-109.872449,47.185462],[-109.756905,47.185574],[-109.755404,46.896214],[-109.835424,46.809133],[-109.756279,46.780416],[-109.746006,46.693744],[-109.969223,46.752655],[-110.273374,46.71064],[-110.457163,46.67872],[-110.620062,46.771547],[-110.652877,46.823626],[-110.645353,47.095735],[-110.772254,47.095871],[-110.767125,47.359128],[-110.63928,47.358998],[-110.639564,47.416259]]]},"id":"30045"},{"type":"Feature","properties":{"GEO_ID":"0500000US34023","STATE":"34","COUNTY":"023","NAME":"Middlesex","LSAD":"County","CENSUSAREA":308.914},"geometry":{"type":"Polygon","coordinates":[[[-74.490547,40.523048],[-74.495398,40.529403],[-74.499362,40.531951],[-74.503309,40.534119],[-74.512729,40.540541],[-74.514622,40.542711],[-74.515782,40.544955],[-74.463351,40.599245],[-74.4568,40.5955],[-74.437334,40.597188],[-74.424699,40.598513],[-74.416106,40.59891],[-74.399895,40.600603],[-74.394634,40.600901],[-74.372794,40.602303],[-74.303392,40.608903],[-74.291391,40.591903],[-74.258114,40.60225],[-74.255822,40.602194],[-74.25381,40.600989],[-74.24779,40.600103],[-74.231748,40.598881],[-74.215101,40.604074],[-74.206731,40.594569],[-74.208988,40.576304],[-74.214788,40.560604],[-74.218189,40.557204],[-74.231589,40.559204],[-74.248641,40.549601],[-74.251441,40.542301],[-74.246237,40.520963],[-74.26829,40.499205],[-74.269998,40.495014],[-74.27269,40.488405],[-74.26759,40.471806],[-74.261889,40.464706],[-74.236689,40.457806],[-74.225035,40.453301],[-74.360699,40.318386],[-74.37859,40.304116],[-74.381135,40.301546],[-74.394112,40.288463],[-74.393517,40.279574],[-74.408085,40.273791],[-74.460776,40.251358],[-74.484287,40.253299],[-74.572559,40.301054],[-74.619591,40.374397],[-74.494275,40.469807],[-74.493226,40.47077],[-74.489524,40.474415],[-74.459922,40.491015],[-74.490547,40.523048]]]},"id":"34023"},{"type":"Feature","properties":{"GEO_ID":"0500000US34025","STATE":"34","COUNTY":"025","NAME":"Monmouth","LSAD":"County","CENSUSAREA":468.793},"geometry":{"type":"Polygon","coordinates":[[[-74.408085,40.273791],[-74.393517,40.279574],[-74.394112,40.288463],[-74.381135,40.301546],[-74.37859,40.304116],[-74.360699,40.318386],[-74.225035,40.453301],[-74.224047,40.452919],[-74.222959,40.452499],[-74.209788,40.447407],[-74.206188,40.440707],[-74.206419,40.438789],[-74.208655,40.43752],[-74.207205,40.435434],[-74.202128,40.43894],[-74.193908,40.440995],[-74.191309,40.44299],[-74.187787,40.447407],[-74.174787,40.455607],[-74.174893,40.454491],[-74.175074,40.449144],[-74.176842,40.44774],[-74.175346,40.446607],[-74.169977,40.45064],[-74.167009,40.448737],[-74.166193,40.447128],[-74.164029,40.448312],[-74.163314,40.448424],[-74.157787,40.446607],[-74.153611,40.447647],[-74.152686,40.447344],[-74.151952,40.448062],[-74.142886,40.450407],[-74.139886,40.453407],[-74.138415,40.454468],[-74.135823,40.455196],[-74.133727,40.454672],[-74.131135,40.453245],[-74.127466,40.451061],[-74.124692,40.44958],[-74.122327,40.448258],[-74.116863,40.446069],[-74.088085,40.438407],[-74.076185,40.433707],[-74.058984,40.422708],[-74.047884,40.418908],[-74.006383,40.411108],[-73.998505,40.410911],[-73.995486,40.419472],[-73.991682,40.442908],[-74.006077,40.464625],[-74.017783,40.472207],[-74.017917,40.474338],[-74.014031,40.476471],[-74.0071,40.475298],[-73.995683,40.468707],[-73.978282,40.440208],[-73.976982,40.408508],[-73.971381,40.371709],[-73.971381,40.34801],[-73.977442,40.299373],[-73.981681,40.279411],[-73.993292,40.237669],[-74.016017,40.166914],[-74.030181,40.122814],[-74.03408,40.103115],[-74.031861,40.101047],[-74.10803,40.136873],[-74.224411,40.108982],[-74.263763,40.168264],[-74.406777,40.172355],[-74.553105,40.07913],[-74.587847,40.138237],[-74.484287,40.253299],[-74.460776,40.251358],[-74.408085,40.273791]]]},"id":"34025"},{"type":"Feature","properties":{"GEO_ID":"0500000US34039","STATE":"34","COUNTY":"039","NAME":"Union","LSAD":"County","CENSUSAREA":102.855},"geometry":{"type":"Polygon","coordinates":[[[-74.206731,40.594569],[-74.215101,40.604074],[-74.231748,40.598881],[-74.24779,40.600103],[-74.25381,40.600989],[-74.255822,40.602194],[-74.258114,40.60225],[-74.291391,40.591903],[-74.303392,40.608903],[-74.372794,40.602303],[-74.394634,40.600901],[-74.399895,40.600603],[-74.416106,40.59891],[-74.424699,40.598513],[-74.437334,40.597188],[-74.4568,40.5955],[-74.463351,40.599245],[-74.43804,40.60991],[-74.417038,40.628077],[-74.408264,40.644185],[-74.461231,40.673397],[-74.371923,40.739229],[-74.354942,40.7345],[-74.342682,40.725181],[-74.325596,40.717075],[-74.321408,40.719072],[-74.318992,40.719201],[-74.315991,40.719199],[-74.315293,40.718601],[-74.313793,40.718001],[-74.312794,40.717101],[-74.311691,40.715601],[-74.309791,40.715501],[-74.309388,40.714901],[-74.308793,40.714508],[-74.307589,40.714201],[-74.306991,40.714002],[-74.305393,40.713701],[-74.303691,40.7133],[-74.302695,40.713601],[-74.302092,40.713301],[-74.30123,40.713472],[-74.28587,40.722225],[-74.222452,40.707249],[-74.201589,40.686602],[-74.136703,40.674444],[-74.153041,40.6548],[-74.160288,40.645903],[-74.161397,40.644092],[-74.181083,40.646484],[-74.186027,40.646076],[-74.189106,40.643832],[-74.202223,40.631053],[-74.206731,40.594569]]]},"id":"34039"},{"type":"Feature","properties":{"GEO_ID":"0500000US35003","STATE":"35","COUNTY":"003","NAME":"Catron","LSAD":"County","CENSUSAREA":6923.69},"geometry":{"type":"Polygon","coordinates":[[[-108.000597,33.201563],[-108.449988,33.200997],[-109.047237,33.208965],[-109.046827,33.365272],[-109.046909,33.36557],[-109.047045,33.36928],[-109.04687,33.372654],[-109.046627,33.778233],[-109.046182,34.522393],[-109.046182,34.522553],[-109.046156,34.579291],[-107.724854,34.57806],[-107.725461,34.259775],[-107.716301,34.259856],[-107.712713,33.476892],[-108.000602,33.478014],[-108.000597,33.201563]]]},"id":"35003"},{"type":"Feature","properties":{"GEO_ID":"0500000US35005","STATE":"35","COUNTY":"005","NAME":"Chaves","LSAD":"County","CENSUSAREA":6065.275},"geometry":{"type":"Polygon","coordinates":[[[-103.945949,34.082784],[-103.841619,34.081681],[-103.841906,33.819252],[-103.716794,33.8193],[-103.71826,33.656136],[-103.509726,33.657218],[-103.510267,33.570256],[-103.720742,33.569678],[-103.72138,33.395905],[-103.766433,33.395491],[-103.766341,32.965232],[-103.8146,32.965203],[-103.828855,32.96546],[-104.841229,32.963303],[-104.842026,32.520705],[-104.851525,32.520505],[-105.353907,32.518769],[-105.35255,32.961976],[-105.316151,32.962014],[-105.316882,33.132218],[-104.905762,33.138626],[-104.90382,33.306184],[-104.885186,33.306267],[-104.893141,34.088304],[-104.786238,34.087763],[-104.785964,34.000057],[-104.156269,33.995413],[-104.155841,34.08332],[-103.945949,34.082784]]]},"id":"35005"},{"type":"Feature","properties":{"GEO_ID":"0500000US35009","STATE":"35","COUNTY":"009","NAME":"Curry","LSAD":"County","CENSUSAREA":1404.797},"geometry":{"type":"Polygon","coordinates":[[[-103.042521,34.954101],[-103.042521,34.899546],[-103.042781,34.850243],[-103.04277,34.792224],[-103.042769,34.747361],[-103.042827,34.671188],[-103.043072,34.619782],[-103.043594,34.46266],[-103.043589,34.459774],[-103.043588,34.459662],[-103.043582,34.455657],[-103.043538,34.405463],[-103.043583,34.400678],[-103.043611,34.397105],[-103.043585,34.393716],[-103.043613,34.390442],[-103.043613,34.388679],[-103.043614,34.384969],[-103.04363,34.38469],[-103.043693,34.383578],[-103.043919,34.380916],[-103.043944,34.37966],[-103.043946,34.379555],[-103.043979,34.312764],[-103.043979,34.312749],[-103.043936,34.302585],[-103.740017,34.303076],[-103.738232,34.604671],[-103.706528,34.604935],[-103.705788,34.692463],[-103.496024,34.691473],[-103.495379,34.778699],[-103.390274,34.778122],[-103.389359,34.86532],[-103.284157,34.86499],[-103.282998,34.953957],[-103.042521,34.954101]]]},"id":"35009"},{"type":"Feature","properties":{"GEO_ID":"0500000US30061","STATE":"30","COUNTY":"061","NAME":"Mineral","LSAD":"County","CENSUSAREA":1219.437},"geometry":{"type":"Polygon","coordinates":[[[-114.797235,47.268901],[-114.775739,47.225548],[-114.71217,47.22559],[-114.712026,47.182124],[-114.586753,47.12369],[-114.565985,47.067339],[-114.483637,47.067326],[-114.419662,47.023267],[-114.525403,47.009321],[-114.565991,46.963758],[-114.548929,46.747366],[-114.675505,46.719516],[-114.69063,46.719961],[-114.717645,46.713994],[-114.739253,46.715167],[-114.76718,46.738828],[-114.825923,46.781949],[-114.853279,46.799794],[-114.888146,46.808573],[-114.920459,46.827697],[-114.927837,46.83599],[-114.938713,46.869021],[-114.936015,46.899761],[-114.975789,46.932865],[-115.072985,47.01376],[-115.099178,47.048129],[-115.193221,47.133026],[-115.200547,47.139154],[-115.266723,47.181101],[-115.29211,47.209861],[-115.294785,47.220914],[-115.320184,47.255717],[-115.339201,47.261623],[-115.421645,47.271736],[-115.479255,47.282089],[-115.52369,47.298919],[-115.551309,47.333856],[-115.561439,47.351887],[-115.576836,47.366825],[-115.661341,47.402663],[-115.628695,47.479641],[-115.282381,47.486897],[-114.979291,47.395519],[-114.968943,47.312617],[-114.797235,47.268901]]]},"id":"30061"},{"type":"Feature","properties":{"GEO_ID":"0500000US46073","STATE":"46","COUNTY":"073","NAME":"Jerauld","LSAD":"County","CENSUSAREA":526.233},"geometry":{"type":"Polygon","coordinates":[[[-98.331508,43.937708],[-98.807771,43.935223],[-98.926997,43.935143],[-98.925953,44.196575],[-98.700453,44.196727],[-98.332042,44.19662],[-98.331508,43.937708]]]},"id":"46073"},{"type":"Feature","properties":{"GEO_ID":"0500000US19123","STATE":"19","COUNTY":"123","NAME":"Mahaska","LSAD":"County","CENSUSAREA":570.863},"geometry":{"type":"Polygon","coordinates":[[[-92.871421,41.508522],[-92.756508,41.508794],[-92.411995,41.509548],[-92.410233,41.161942],[-92.640361,41.161298],[-92.869771,41.161066],[-92.871421,41.508522]]]},"id":"19123"},{"type":"Feature","properties":{"GEO_ID":"0500000US06085","STATE":"06","COUNTY":"085","NAME":"Santa Clara","LSAD":"County","CENSUSAREA":1290.1},"geometry":{"type":"Polygon","coordinates":[[[-121.654038,36.950584],[-121.7576,37.04963],[-122.015966,37.165658],[-122.152278,37.286055],[-122.190402,37.431472],[-122.081473,37.477838],[-122.052648,37.459656],[-122.045271,37.460276],[-121.855762,37.484537],[-121.472648,37.48217],[-121.405753,37.31099],[-121.459051,37.282739],[-121.404636,37.155989],[-121.282271,37.183675],[-121.226804,37.134774],[-121.215406,36.961248],[-121.501488,36.971895],[-121.581354,36.899152],[-121.654038,36.950584]]]},"id":"06085"}]}